"文章標題","文章URL"
"◇ 【網站介紹】義大利風情","https://www.ptt.cc/man/EuropeTravel/D507/D5D0/M.924413339.A.html"
"◇ [請益]義大利Verona看歌劇之問題一籮筐...","https://www.ptt.cc/man/EuropeTravel/D507/D5D0/M.1121698631.A.B27.html"
"◇ 義大利的治安 :(","https://www.ptt.cc/man/EuropeTravel/D507/D5D0/M.1121875367.A.B50.html"
"◇ 去義大利千萬要注意 ...","https://www.ptt.cc/man/EuropeTravel/D507/D5D0/M.934373091.A.html"
"◇ 有人去過威尼斯嗎!!??","https://www.ptt.cc/man/EuropeTravel/D507/D5D0/M.934616758.A.html"
"◇ 義大利的Arezzo....","https://www.ptt.cc/man/EuropeTravel/D507/D5D0/M.935244132.A.html"
"◇ 想去義大利","https://www.ptt.cc/man/EuropeTravel/D507/D5D0/M.936358796.A.html"
"◇ 義大利簡介","https://www.ptt.cc/man/EuropeTravel/D507/D5D0/M.946548420.A.html"
"◇ [問題] 8月的義大利","https://www.ptt.cc/man/EuropeTravel/D507/D5D0/M.1118536828.A.E55.html"
"◇ [問題]義大利的bologna","https://www.ptt.cc/man/EuropeTravel/D507/D5D0/M.1121695637.A.614.html"
"◇ [問題] 有關義大利","https://www.ptt.cc/man/EuropeTravel/D507/D5D0/M.1121696058.A.340.html"
"◇ 義大利去買好料的","https://www.ptt.cc/man/EuropeTravel/D507/D5D0/M.933862677.A.html"
"◇ [問題] 義大利必買???","https://www.ptt.cc/man/EuropeTravel/D507/D5D0/M.1121696544.A.7CF.html"
"◇ [請益] 請問在義大利要怎麼搭火車比較省錢？","https://www.ptt.cc/man/EuropeTravel/D507/D5D0/M.1122335058.A.DF2.html"
"◇ [問題] 米蘭的機場","https://www.ptt.cc/man/EuropeTravel/D507/D5D0/M.1131320086.A.249.html"
"◇ 義大利的都靈","https://www.ptt.cc/man/EuropeTravel/D507/D5D0/M.1133210056.A.226.html"
"◇ [請益] 義大利國鐵的優待票","https://www.ptt.cc/man/EuropeTravel/D507/D5D0/M.1139795177.A.EB5.html"
"◇ [問題] 問意大利羅馬資料","https://www.ptt.cc/man/EuropeTravel/D507/D5D0/M.1139928898.A.665.html"
"◇ 威尼斯","https://www.ptt.cc/man/EuropeTravel/D507/D5D0/M.1140752172.A.112.html"
"◇ [請益] 羅馬‧義大利 好吃特別的？","https://www.ptt.cc/man/EuropeTravel/D507/D5D0/M.1140752394.A.03F.html"
"◇ [問題] 龐貝城","https://www.ptt.cc/man/EuropeTravel/D507/D5D0/M.1142176228.A.81D.html"
"◇ [閒聊] 2006法國義大利之旅住宿心得","https://www.ptt.cc/man/EuropeTravel/D507/D5D0/M.1149958311.A.40A.html"
"◇ [閒聊] 2006法國義大利之旅住宿心得2","https://www.ptt.cc/man/EuropeTravel/D507/D5D0/M.1150029213.A.A92.html"
"◇ [問題] 義大利..往卡布里島的港口...","https://www.ptt.cc/man/EuropeTravel/D507/D5D0/M.1150640966.A.CB1.html"
"◇ [問題] 羅馬和威尼斯 必去的景點","https://www.ptt.cc/man/EuropeTravel/D507/D5D0/M.1151255556.A.016.html"
"◇ [請益] 佛羅倫斯的outlet package tour","https://www.ptt.cc/man/EuropeTravel/D507/D5D0/M.1151801814.A.9D7.html"
"◇ [問題] 我的義大利行程:)","https://www.ptt.cc/man/EuropeTravel/D507/D5D0/M.1152022640.A.5CC.html"
"◇ [心得] 要來義大利的 請考慮一下","https://www.ptt.cc/man/EuropeTravel/D507/D5D0/M.1154078526.A.E4C.html"
"◇ Forte dei Marimi --- Luxury?!","https://www.ptt.cc/man/EuropeTravel/D507/D5D0/M.1154473051.A.09F.html"
"◇ [問題] 從羅馬到威尼斯","https://www.ptt.cc/man/EuropeTravel/D507/D5D0/M.1154473081.A.B33.html"
"◇ [問題] 羅馬達文西機場到火車站","https://www.ptt.cc/man/EuropeTravel/D507/D5D0/M.1154644311.A.690.html"
"◇ [遊記] 義大利小鎮瑪舊(Magione)","https://www.ptt.cc/man/EuropeTravel/D507/D5D0/M.1247995307.A.280.html"
"◇ [心得] 義大利復古三星旅館--ASTORIA HOTEL","https://www.ptt.cc/man/EuropeTravel/D507/D5D0/M.1295262107.A.7D5.html"
"◇ [遊記] 義大利威尼斯","https://www.ptt.cc/man/EuropeTravel/D507/D5D0/M.1296786983.A.7EB.html"
"◇ [遊記] 旅遊 - 義大利","https://www.ptt.cc/man/EuropeTravel/D507/D5D0/M.1297212081.A.59E.html"
"◇ [心得] 義大利，維洛那Verona","https://www.ptt.cc/man/EuropeTravel/D507/D5D0/M.1300101414.A.A51.html"
"◇ [心得] 義大利，威尼斯Venice","https://www.ptt.cc/man/EuropeTravel/D507/D5D0/M.1300101513.A.41F.html"
"◇ [遊記] 米蘭 聖西羅球場攻略. 國際米蘭 VS 巴勒摩","https://www.ptt.cc/man/EuropeTravel/D507/D5D0/M.1300101568.A.73D.html"
"◇ [遊記] 義大利 七天七夜行","https://www.ptt.cc/man/EuropeTravel/D507/D5D0/M.1300101635.A.3A9.html"
"◇ [心得] 推薦羅馬超讚B&B""sixbeds""","https://www.ptt.cc/man/EuropeTravel/D507/D5D0/M.1300101706.A.849.html"
"◇ [遊記] 拜訪西羅馬帝國首都 - Ravenna","https://www.ptt.cc/man/EuropeTravel/D507/D5D0/M.1300361850.A.B3C.html"
"◇ [遊記] 初秋。義大利蜜月自助旅14天","https://www.ptt.cc/man/EuropeTravel/D507/D5D0/M.1300880095.A.92B.html"
"◇ [遊記] 義大利梵蒂岡博物館-拉斐爾室","https://www.ptt.cc/man/EuropeTravel/D507/D5D0/M.1301313314.A.B39.html"
"◇ [請益] 該不該衝義大利的五漁村?","https://www.ptt.cc/man/EuropeTravel/D507/D5D0/M.1306925727.A.2EA.html"
"◇ [遊記] 義大利的龐貝遺跡","https://www.ptt.cc/man/EuropeTravel/D507/D5D0/M.1318635115.A.D51.html"
"◇ [心得] Romeo and Juliet 之 Verona","https://www.ptt.cc/man/EuropeTravel/D507/D5D0/M.1318858830.A.666.html"
"◇ [遊記] 義大利佛羅倫斯好好笑的街頭表演","https://www.ptt.cc/man/EuropeTravel/D507/D5D0/M.1318858912.A.A2B.html"
"◇ [遊記] 去義大利都靈Turin做甚麼呢?","https://www.ptt.cc/man/EuropeTravel/D507/D5D0/M.1320157464.A.397.html"
"◇ [遊記] 義大利托斯卡尼San Gimignano散步","https://www.ptt.cc/man/EuropeTravel/D507/D5D0/M.1320157781.A.63B.html"
"◇ [食記] 義大利 彿羅倫斯 GUSTA PIZZA 披薩店","https://www.ptt.cc/man/EuropeTravel/D507/D5D0/M.1320704685.A.018.html"
"◇ [心得] 義大利薩丁尼亞(Sardinia)渡假","https://www.ptt.cc/man/EuropeTravel/D507/D5D0/M.1323701309.A.261.html"
"◇ [心得] 歐洲背包40天~義大利米蘭","https://www.ptt.cc/man/EuropeTravel/D507/D5D0/M.1329924258.A.4FD.html"
"◇ [心得] 冬天的義大利蜜月16天分享","https://www.ptt.cc/man/EuropeTravel/D507/D5D0/M.1333027439.A.2F2.html"
"◇ [心得] 旅遊書推薦(義大利篇)","https://www.ptt.cc/man/EuropeTravel/D507/D5D0/M.1342966311.A.48F.html"
"◇ [心得] 義大利十大必買戰利品","https://www.ptt.cc/man/EuropeTravel/D507/D5D0/M.1366174590.A.FFB.html"
