"文章標題","文章URL","內文","內部連結"
"◇ 【國內外網站介紹】","https://www.ptt.cc/man/EuropeTravel/D507/D5D6/M.924275446.A.html","【雅虎網站】
  Tourist_Service：
http://www.amsterdam-ts.nl/


  Apartments： 
http://www.bridgeview.nl/


http://www.studio2.demon.nl/


http://www.amsterdamhouse.com/


  Meseum： 
http://www.rembrandthuis.nl/


http://www.stedelijk.nl/


http://www.stedelijk.nl/eng/index.html


http://209.249.169.110/


  tourist_guide：
http://www.gayamsterdam.com/guide/


【蕃薯藤】

  
http://members.xoom.com/rhana/

  一個來自荷蘭女孩的個人網站，曾來過台灣作短暫的拜訪、熱愛東方文物
  網站中有荷蘭旅遊的連結。

  
http://www.ntio.org.tw/

  本辦事提供貿易投資，簽証，教育留學，旅遊等服務並供許多荷蘭相關
  訊息網站。","http://www.amsterdam-ts.nl/|http://www.bridgeview.nl/|http://www.studio2.demon.nl/|http://www.amsterdamhouse.com/|http://www.rembrandthuis.nl/|http://www.stedelijk.nl/|http://www.stedelijk.nl/eng/index.html|http://209.249.169.110/|http://www.gayamsterdam.com/guide/|http://members.xoom.com/rhana/|http://www.ntio.org.tw/"
"◇ [轉錄]歐洲巴士週遊券Busabout Pass","https://www.ptt.cc/man/EuropeTravel/D507/D5D6/M.924271326.A.html","作者: together (還是想念舊金山) 看板: TravelGuy
標題: 歐洲巴士週遊券Busabout Pass
時間: Mon Mar  8 22:42:41 1999



          歐洲是旅遊週遊券最暢行的國家，歐洲的〞歐洲巴士週遊
          券Busabout Pass，持這種券的遊客，可以在歐洲六十個
          以上大城市間，任意遨遊，您的全程交通運輸，都可以不
          再擔心。

          以下是其主要的五條巴士路線簡介，包含藍線、紅線、綠
          線、棕線，以及可以穿梭在各線之間的連結線。

          巴士藍線主要行駛斯堪地納維亞地區，行程總共三日、沿
          途經過阿姆斯特丹、哥本哈根、奧斯陸等地。

          巴士紅線行程總共二日、包含十一個歐洲城市，沿途經過
          北利時、荷蘭、德國、奧地利、法國等國。

          巴士綠線行程總共二日、包含北歐及地中海各地，義大利
          半島、雅典、威尼斯等。

          巴士棕線行程總共二日、包含法國的巴黎、尼斯，西班牙
          巴塞隆納、馬德里、摩洛哥、北非、葡萄牙等地。

          巴士連結線設計的主要目的，可讓旅客在另外四條巴士路
          線，藍線、紅線、綠線、棕線間穿梭。或是離開主要公路
          ，使旅客可以到鄉間道路，以欣賞更佳的自然、原野景觀
          。

          除了以上的巴士路線以外，旅客更可以與其他週遊券併用
          ，將旅遊行程延伸至其他各風景點。例如在雅典旅遊延長
          區，可以由威尼斯搭乘渡輪（夜間、單程或來回）至希臘
          港口，再由此搭巴士至雅典。由雅典接續使用希臘諸島渡
          輪週遊券。

          海島週遊券則可讓您自雅典啟程，並暢遊四個海島Paros,
          Naxos, Ios and Santorini，而後回到雅典。海島週遊券
          自啟用日開始計算，遊客有二十日的使用期間，在這一段
          期間內，您都可以在這四個海島中任意停留。

          另外亦有海島週遊券含住宿，這種券可讓您免煩惱住宿的
          問題，其住宿是在海島上特選的地點，通常是四個人共用
          一間房，而每個房間都有衛浴設備。

          若您希望在旅遊中再有更好一點的享受，您可以選擇〞希
          臘遊輪之旅〞，其中最佳的是一種七日海島遊，遊輪全程
          一共會停靠七個海島。

          若您想住宿在雅典，並做定點旅遊，以下亦有多項一日之
          旅提供您參加，例如：Delphi一日遊、 Argolis一日遊、
          海島一日遊（包含三個海島）、希臘經典五日遊等。

          對以上各項希臘海島行程有興趣的朋友，請參考以下網頁：
          
http://www.geocities.com/TheTropics/9013/index.html


http://users.forthnet.gr/ath/hostel-aphrodite/


          另外還有摩洛哥旅遊延伸區、伊斯坦堡區，東歐區則包含
          了柏林、波蘭華沙、維也納、布達佩斯等。至於英國、愛
          爾蘭區，則提供倫敦與各城市間的交通運輸。

          Busabout公司除了提供巴士行程之外，也同時提供了多
          種住宿選擇，旅客可以購買一本十張的平價住宿卷，並使
          用在各地特約青年旅舍、露營地木屋、鄉村旅館等。若是
          全家出遊，或希望有更佳的住宿選擇，也可購買觀光旅館
          住宿券。這當然也比您自行處理訂位，要便宜許多呢！對
          Busabout各週遊券或行程有興趣的朋友，請參考以下的
          聯絡方式：
          Busabout
          258 Vauxhall Bridge Road
          London SW1V 1BS
          Tel : +44 (0) 171 950 1661
          Fax : +44 (0) 171 950 1662
          網頁: 
http://www.busabout.com


--
台大旅遊家每星期三中午12點30分在共同403與大家做旅遊聚會
台大旅遊家社辦 二活801室
台大旅遊家社版 PTT 140.112.28.191 社團旅遊類：TravelGuy

              台大旅遊家永遠歡迎你～

--

◆ From: 140.112.242.23

--

◆ From: t199-117.dialup","http://www.geocities.com/TheTropics/9013/index.html|http://users.forthnet.gr/ath/hostel-aphrodite/|http://www.busabout.com"
"◇ [轉錄]Eurocamp歐洲自主行－原野屋、露營車","https://www.ptt.cc/man/EuropeTravel/D507/D5D6/M.924271352.A.html","作者: together (還是想念舊金山) 看板: TravelGuy
標題: Eurocamp歐洲自主行－原野屋、露營車
時間: Mon Mar  8 22:45:51 1999


          前往歐洲自主行的朋友，若您希望以汽車為交通工具，並
          且避開大都市，選擇鄉野為住宿地點。則Eurocamp應該
          會是一個值得您認真考慮的最佳選擇。

          Eurocamp在全歐洲各鄉野風景區，提供水準以上的露營
          地、露營設施，以及露營車等。選擇Eurocamp的好處是
          ，您若是開車前往，也不必自備露營帳篷等設備。因為
          Eurocamp已在各露營地，準備好大型帆布固定式帳篷。
          帳篷中有雙人床或單人床（含床墊）、餐桌椅等傢俱、冰
          箱、瓦斯爐、廚房用品、電燈等。您只要帶著您的枕頭、
          睡袋，即可享受一個舒適愉快、美好的夜晚。

          以上齊全的露營設備，可提供至少二大人、四孩童住宿。
          每一租期以十四日計算，淡季價格是美金$360，若換算
          成每日費用，也不過美金$25。

          旅客可以延長或縮短住宿期間，或換租露營車，也只要增
          加少許費用即可。若您的行程並不通過英倫海峽，更可以
          扣抵美金$66。以下是Eurocamp參考價格：（十四日）
          ‧04/13-05/14淡季價格、美金$360
          ‧06/04-07/22平季價格、美金$592
          ‧07/23-08/15旺季價格、美金$1466
          ‧09/05以後回復淡季、美金$330

          Eurocamp在大部份的歐洲國家，都提供了連鎖露營地，
          這些國家有：法國、西班牙、義大利、奧地利、挪威、荷
          蘭、比利時、盧森堡、摩洛哥。對Eurocamp住宿有興
          趣的朋友，請您參考網頁：
          Eurocamp - 
http://www.eurocamp.co.uk

          Tel 011-44-1565-62-62-62 (England)


--
台大旅遊家每星期三中午12點30分在共同403與大家做旅遊聚會
台大旅遊家社辦 二活801室
台大旅遊家社版 PTT 140.112.28.191 社團旅遊類：TravelGuy

              台大旅遊家永遠歡迎你～

--

◆ From: 140.112.242.23

--

◆ From: t199-117.dialup","http://www.eurocamp.co.uk"
"◇ 【轉貼】荷蘭Holland -- 我的天體營","https://www.ptt.cc/man/EuropeTravel/D507/D5D6/M.924441497.A.html","http://www.cityguide.com.tw/digest/0905-3.html


     我的荷蘭朋友楊(Jan )是個酷哥。在荷蘭，叫楊的人大概就像台灣姓
     林或姓陳的一樣多。在街上大喊一聲楊，包準一大群人都會回頭以為
     是在叫他。

    「嗯！台灣有天體營嗎?」

     我被這個突然的問題嚇一跳，還沒吞下肚的可樂嗆了一下，噗一聲全部噴出來。

    「好像沒咧！就算有，我也不知道耶！」我抓抓頭皮，做了一個不好意思
      加上抱歉的表情。

    「那麼......想看看天體營嗎？」楊的表情讓我聯想到伊甸園裡頭的那隻壞蛇。


     在一個風和日麗的早上，楊和我搭了往桑福特的火車。一路上郊區美景
     相隨，隔著玻璃窗，窗外綠油油的景色好像一幅裱框的水彩畫，氣韻生
     動。不知道為什麼，我卻想起小學時遠足的情景。

     一下車，鹹鹹的海水味道撲鼻。此起彼落的談話聲，讓人立刻感受到觀
     光勝地的氣氛。我打量四周的環境：度假旅館、紀念品店、有錢人的別
     墅，所以觀光區應有的景緻這裡都有。「這裡的房子可不便宜喲！」楊
     說：「因為海風長年吹蝕，屋主每年都要上新漆維修，所以不是金主可
     是養不起的。」難怪有幾幢保養不佳的別墅看起來像鬼屋似的，陰森森
     的模樣最適合借人去拍鬼片。

     走了快二十分鐘，人煙逐漸稀少。北海的強風颳著我的皮膚，雖然身上
     披了厚夾克，還是忍不住哆嗦，像烏龜般地把頭縮在殼裡。瞧了一眼楊
     ，他老兄仍然面不改色，偶爾還故意把領口拉開，讓冷風灌進他單薄的
     T恤裡。

     偌大的沙灘十分空曠，只有幾個脫光衣服的人走來走去，幾間酒吧零星
     分布，看來意不是很好。「那些一個個看起來像帳篷的是什麼鬼東西?」
     我問。指著散落在沙灘上的紅色帳篷。

     「出租的遮風篷，」楊說: 「專門給你這種怕冷的人。」他斜斜的睇了
     我一眼。

     我們找了一家叫哈瓦那的酒吧，就近租了一個遮風篷。海風給這麼一遮
     ，就立刻感覺到頭上大太陽的威力，楊很快脫下身上的衣物，一絲不掛
     的站在我面前。我慢慢的除下身上的夾克，脫到只剩一條泳褲。

     「這是什麼東西?」楊指著我的泳褲: 「需要我幫忙嗎?」

     我呼一下跳開。「哦，不用了！這樣比較自在。」我好像古時候帶著貞
     操帶的處女；雖說入境隨俗，但這點尺度上我還是頗為堅持的。

     全沙灘的人都露出了第三點。有結伴而來的情侶，也有單身男女，有一
     家三口的甜蜜家庭，也有挺著啤酒肚的德國觀光客。雖然事先楊曾告誡
     我不要大驚小怪，仍然被這些人的尺寸嚇了一跳，對北歐的開放十分佩
     服。

     自始至終，不管是日光浴或嬉水，我都穿著那條格格不入的泳褲。經過
     我身旁的人，先是微笑，然後大笑，最後狂笑而逃，把我當外太空來似
     的嫌著。

     回到阿姆斯特丹，挑了一家電影院躲進去。上演的是「亂世浮生」。荷蘭
     版本果然尺寸大開，一刀未剪，沒有噴霧也沒有馬賽克。我突然想起楊說
     的一句話: 「我們的身體是上帝的禮物。」是呀！上帝如果要我們穿衣服
     的話，為什麼每個人都光溜溜的來到這世上呢？


--


           生命的美不在它的絢爛，而在它的平和；
           生命的動人不在它的激情，而在它的平靜。
           生命的美不在目的，而在歷程。
           一個只顧低頭趕路的人，永遠領略不到沿途的風光。

--

◆ From: kidd.Dorm10.NCT","http://www.cityguide.com.tw/digest/0905-3.html"
"◇ [轉錄]騎一趟運河腳踏車之旅","https://www.ptt.cc/man/EuropeTravel/D507/D5D6/M.925914366.A.html","作者: dyyl (最近好冷) 看板: TravelGuy
標題: 騎一趟運河腳踏車之旅
時間: Wed May  5 18:28:19 1999

風 情 萬 種 的 阿 姆 斯 特 丹 運 河
　 　 被 綠 蔭 籠 罩 的 水 上 街 道 ， 輝 映 著 五 個 世 紀 以 來 的 壯 麗
 建 築... 阿 姆 斯 特 丹 獨 一 無 二 的 運 河 總 是 對 來 訪 者 施 以 無 窮
 的 魅 力 ， 畫 家 們 在 更 這 裡 找 到 無 窮 的 靈 感 。 在 運 河 上 漫 遊
 ， 享 受 燭 光 晚 餐 ， 不 論 白 天 或 夜 晚 ， 運 河 巡 禮 整 年 都 有 。
 在 運 河 上 騎 著 水 上 腳 踏 車 遊 覽 阿 姆 斯 特 農 ， 在 岸 邊 停 車 ，
 再 步 行 到 國 立 博 物 館(Rijksmuseum) ， 或 到 萊 茲 廣 場 和 安 妮 之 家
 一 遊 ， 知 性 與 休 閒 全 都 辦 到 了 。

　 　 一 年 四 季 ， 阿 姆 斯 特 丹 運 河 都 有 船 可 以 搭 乘 ， 船 上 提
 供 了1 小 時 的 遊 程 ， 及4 小 時 的 豪 華 燭 光 晚 餐 遊 程 ， 最 多 要145
 荷 盾 。 在 中 央 火 車 站 和 國 家 博 物 館 間 ， 有 「 林 布 蘭 」 、 「
 水 都 」 兩 線 汽 艇 ，3~10 月 旅 遊 旺 季 時 每25 分 鐘 一 班 可 搭 乘 ，
 花 費 在20 元 荷 盾 以 下 ， 也 比 較 省 。 而 結 合 參 觀 博 物 館 和 遊
 覽 運 河 兩 項 功 能 的 「 博 物 館 巡 回 船 ， 帶 你 遊 覽 漢 瑞 克 王 子
 運 河(Prins Hendrikkade) 。 如 果 你 想 要 自 由 行 ， 每
天 上 午9:00~ 凌 晨1:00 還 有 「 水 上 計 程 車 」 的 交 通 工 具 ， 只 是 需 要 到 車 站 廣 場 事 先 預 約 。

--
如果......
我是一篇名叫青蛙王子的童話故事的作者
我會將故事寫成  青蛙因公主的一吻而成為王子
抑或是  王子因公主的一吻而成為青蛙?

--

◆ From: h228.s4.ts31.hi

--

◆ From: t194-70.dialup.",""
"◇ 阿姆斯特丹的區域分法？","https://www.ptt.cc/man/EuropeTravel/D507/D5D6/M.934006360.A.html","請問有人知道在阿姆斯特丹坐巴士地鐵和電車時,車票因目的地的不同

  而要戳印不同格數,那個分區是如何分法啊？怎麼知道哪些地方是屬於第幾區域？

  地圖上有標示嗎？還是像台北市公車上會有路線圖和分段點？

      法國的地鐵又是如何分區的啊？

--

◆ From: ac138.ac.ntu.ed",""
"◇ 給我一些幫助吧","https://www.ptt.cc/man/EuropeTravel/D507/D5D6/M.951146126.A.html","你要去荷蘭的哪裡呢？
     我覺得荷蘭很多城市都是小小的
     可以悠閒地徒步遊逛  或是騎腳踏車
     那種愜意的感覺  加上美景與友善的人們
     真的很不錯
     尤其那裡有很多各式各樣的博物館  都很特別
     不過   我個人最喜歡的是Kuller Muller（好像是）國家公園
     兼有森林、很像莽原的景致及藝術館
     在看膩了都市建築之後  到這兒欣賞很藍的天  很綠的樹
     騎腳踏車迎風飛行  真的很難忘
     至於鬱金香節 記得是四五月吧！暑假去就沒得看了
     其他想到再告訴你吧！

--

◆ From: 140.119.149.57



作者: noraa (一路順風) 看板: EuropeTravel
標題: Re: 給我一些幫助吧
時間: Fri Feb 25 09:22:01 2000



幫荷蘭打個廣告吧:

燦爛的鬱金香花季即將到來，將於3月23日起至5月21日，全面進駐荷蘭著名
的Keukenhof公園，大鳴大放秀出荷蘭最繽紛的春天丰采！
Keukenhof公園是世界最大的鬱金香花園，每逢春天花開時節，一片花海，景
觀優美、迷人又壯觀。該公園花季僅短短2個月，每年卻吸引80餘萬人次的全
球旅客前往賞花，是愛花人不可錯過的美妙經驗！

　【2000年Keukenhof公園花季】

　◎開放期間：2000年3月23日－5月21日

　◎ 營業時間：每日早上8：00至下午7：30（售票時間僅到下午6時）

　◎ 門票費用：成人票每張19荷盾，兒童票（4－12歲）每張9.5荷盾。

　◎ 自助旅行者可以選搭花季快捷公車，自史基浦（Amsterdam Airport Schiphol）
     、阿姆斯特丹中央火車站以及萊登（Leiden），3地皆設有站牌，十分方便。

　◎ Keukenhof公園網站
http://www.keukenhof.nl


--

◆ From: 140.112.76.227","http://www.keukenhof.nl"
"◇ 到荷蘭的機票大約要多少錢?","https://www.ptt.cc/man/EuropeTravel/D507/D5D6/M.1024528876.A.html","3萬4到8萬都有
到www.ezfly.com.tw去看看吧

--

◆ From: 140.119.195.39",""
"◇ 公車卡備而無患，上車買真的超貴的","https://www.ptt.cc/man/EuropeTravel/D507/D5D6/M.1121694813.A.F0A.html","要四格的樣子。
我覺得公車卡備而無患，上車買真的超貴的....

有一次差一格，上車他給了我一張兩格的公車卡 1.6歐=.=
（平均一格0.8歐） 平常15格才6.5歐 公車上真的很貴..

記憶中到梵谷森林要蓋五格...也是很多格...=.=""

--

◆ From: 222.156.10.43",""
"◇ Stroop waffles","https://www.ptt.cc/man/EuropeTravel/D507/D5D6/M.1121697943.A.F0B.html","我想跟她說
   ""不然妳忍心讓我丟掉那些 Stroop waffles嗎?""
   (註: Stroop waffle 為荷蘭國寶, 超超超超超好吃)

  不過這次回來我真的跟地勤這麼說
  她就是不鳥我
  我把重達 1.8kg的waffle們拿出來以後
  就跟她碎碎唸說 ""I always have the problem with the waffles!""
  她還是不鳥我 \_/ (怒!)





--
 老把自己視為珍珠
    就常有被深埋的痛苦

  莫如將自己看做塵土
    讓眾人踩踏成一條寬廣平實的道路

--

◆ From: 59.121.197.99",""
"◇ [請益] 新航或國泰? (去荷蘭)","https://www.ptt.cc/man/EuropeTravel/D507/D5D6/M.1121698169.A.EF4.html","請旅行社幫我訂了八月底飛阿姆斯特丹的機位
但是我在猶豫要選哪一個^^""
請各位幫我看一下好嗎

我是從高雄出發

新航：

 高雄------中正-------新加坡----AMS
      (A)        (B)        (C)

(A)  去程現在在候補華航接駁機，據旅行社說補到機會很小
     所以如果補不到的話，我打算先搭機到松山，再搭客運到中正
     稍嫌麻煩

(B)(C) W艙  有機位

飛行時間是
(A)  約一小時
(B)  4:25
(C)  13:30
共約19小時

轉機時間
(B)-(C)  去程 五小時 回程 兩小時

價格約 $:26500+2000*2(高北)+5070(機場稅)=35570
       不過我考慮回程時直接搭客運從中正回高雄  所以只要
       $:26500+2000(高北)+4850(機場稅)=33350

國泰：
         高雄-----------香港-------------AMS
                (A)            (B)

機位
(A)  華信的 有機位
(B)  L艙  在等候補

飛行時間
(A)  1:30
(B)  12:35
共14小時

轉機時間
(A)-(B)  去  跟 回程 都是五小時

價格約  32800+1300(北高)+4150(稅)=38250






目前的比較是：

新航優點
(1) 新航比較便宜
(2) 聽說新航的服務相當好，機上的娛樂多，有我想要看的電影B型男友XD
(3) 新加坡機場似乎不錯逛
(4) 有網上預辦劃位跟登機
(5) 我想看新航空姐:p

新航缺點
(1) 飛行時間比國泰多了五小時,不知道會不會搭得很難受很不耐煩
(2) 如果訂不到接駁機的話，比較麻煩，要先高雄--松山--中正

國泰優點
(1) 飛行時間短
(2) 機上娛樂也不差，有我想看的偉仔韓城攻略XD
(3) 有網上預辦劃位

國泰缺點
(1) 比較貴....貴了3000-5000元
(2) 對香港機場沒興趣
(3) 國際段還在候補,如果沒補到就糟了

我是想  如果7/6前國泰都沒補到的話
那當然就搭新航了，即使接駁機補不到
還是得先上松山再轉中正

但假設7/6前  國泰就補到的話
請問各位網友  會優先考慮搭哪一家呢？
謝謝
(我發現我很龜毛XD)

--

◆ From: 61.223.247.132",""
"◇ [問題] 荷蘭ABN AMRO還收歐元旅支嗎？","https://www.ptt.cc/man/EuropeTravel/D507/D5D6/M.1121700812.A.E2D.html","請問 現在荷蘭銀行(在荷蘭的)還接受旅支直接存入戶頭嗎？
之前本來可以  只要多加2歐元手續費
但是前一陣子聽說  改規定了
要求先把旅支換成現金後才能存入戶頭
這樣就多了4.5%的手續費  很不划算

還聽說旅支在荷蘭很難用

請問有沒有人最近去過荷蘭的呢？
且有在荷蘭使用旅支的經驗？
謝謝

--

◆ From: 59.113.134.41



作者: yhy (遺忘是件好事情) 看板: EuropeTravel
標題: Re: [問題] 荷蘭ABN AMRO還收歐元旅支嗎？
時間: Tue Jul 12 22:13:12 2005



  現在在ABN 不可以直接存旅支了

  要先換成現金 才可以存

  而且全荷蘭只剩下機場的那一間可以換現金 還要手續費

  旅枝在荷蘭很難用

  因為他本來就是美國的產物

--



         如果一切都回不去了
            我情願就此沉淪

--

◆ From: 222.157.64.34



作者: seccret (    ) 看板: EuropeTravel
標題: Re: [問題] 荷蘭ABN AMRO還收歐元旅支嗎？
時間: Tue Jul 12 22:22:00 2005



   今年五月去過
   中央火車站往水壩廣場的路上有一家ae
   把ae出的旅支換成現金不用手續費

   也可以去網站看看那些點有免手續費

--

◆ From: 140.129.59.155



作者: Leia (我很想你) 看板: EuropeTravel
標題: Re: [問題] 荷蘭ABN AMRO還收歐元旅支嗎？
時間: Tue Jul 12 23:16:46 2005


    我五月去 在ams中央車站 萊登廣場 都有travelex的兌換點
    換thomas cook旅支不用手續費


--

--

◆ From: 140.112.25.138



作者: muska (smells like teen spirit) 看板: EuropeTravel
標題: Re: [問題] 荷蘭ABN AMRO還收歐元旅支嗎？
時間: Thu Jul 14 07:24:57 2005



好像要碰運氣勒
就是有人跟我說會收手續費
我現金袋去存
結果發現 開戶存旅支不用手續費阿-_-
不過國際學生他會收你帳戶管理費
我是去年年底  不知現在改了沒

--

◆ From: 81.148.15.207",""
"◇ [問題] 會掉行李的荷航","https://www.ptt.cc/man/EuropeTravel/D507/D5D6/M.1121701231.A.3EE.html","因為是第一次出國，又太晚訂機票
只剩在阿姆斯特丹轉機的荷航

想請問
阿姆斯特丹轉機，是不是很容易發生行李遺失的狀況

之前上班的同事說，他在阿姆斯特丹轉過兩次機
兩次都發生行李遺失
感覺好像很危險

--

◆ From: 218.167.36.230



作者: vshchen (愛著啊) 看板: EuropeTravel
標題: Re: [問題] 阿姆斯特丹轉機
時間: Sat Jul 16 02:37:38 2005



華航飛歐洲的只有法蘭克福跟維也納是直飛不中停
飛阿姆斯特丹和羅馬都會在曼谷停一個小時，然後原機再飛往歐洲
並非真正直飛喔

不過跟荷航比起來是好很多！
搭了一次荷航就讓人一輩子不想再搭乘了


--

◆ From: 219.81.166.233




作者: hsifles () 看板: EuropeTravel
標題: Re: [問題] 阿姆斯特丹轉機
時間: Sun Jul 17 17:25:46 2005


昨天剛從阿姆斯特丹回來

我是坐荷蘭航空的  行李沒有掉

我覺得不論你坐什麼航空公司

只要去荷蘭就要特別注意

前天我朋友從阿姆斯特丹坐BMI去英國轉機

行李根本沒上飛機

昨天在機場也聽到兩個女生說他們的行李

在阿姆斯特丹沒有回來


建議你在阿姆斯特丹re-check的時候

記得詢問他行李有沒有到

請他幫你把行李轉到下一個目的地

到下一個目的地時也要記得問行李有沒有一起到

雖然會有點煩  地勤人員的臉色也不太好看

但是還是要問比較保險



祝你出國玩得愉快  ^^

--

◆ From: 220.143.132.184",""
"◇ [問題] 請問帶腳踏車去荷蘭？","https://www.ptt.cc/man/EuropeTravel/D507/D5D6/M.1121702416.A.B16.html","應該是不用購買證明也不會被課稅如果只帶一台的話是不用擔心這個問題
用紙箱裝一裝不會變成破銅爛鐵只是一些零件的地方要保護好
基本上航空公司會貼上易碎物之類的請小心搬運
但是搬運的人有沒有小心就是靠運氣了  至少我的車好好的

盡量車子不要離人太遠都鎖在柱子上
更講究前輪後輪車架都鎖在固定物上面
常常看到不知道是被偷還是怎樣  只剩下前輪或是只剩下車架還所在架子上面的車子
如果被偷就還是命了

--

◆ From: 84.160.189.236",""
"◇ [請益]荷蘭交通","https://www.ptt.cc/man/EuropeTravel/D507/D5D6/M.1122047287.A.380.html","今年規則有改喔
這是我查官網後整裡的
官網連結：
http://0rz.net/050x8
（荷文）

NS Zomertoer (Summer Tour Card) 夏季旅遊套票

為荷蘭國鐵於每年夏季期間所推出的優惠套票，適用荷蘭境內所有國鐵車種，
但Thalys及ICE除外。

7/1~8/31販售 使用期間：7/1~9/6 (2005年)
Prices：
兩人套票：€ 59／兩人套票Plus：€ 69
三人套票：€ 79／三人套票Plus：€ 95
@ Plus則為二日內不限次數、距離搭乘火車、公車、電車、地鐵

購買地點：荷蘭境內所有火車站櫃檯、自動售票機皆可購買，
          郵局及Albert Heijn超市也可買到。
使用限制：限搭二等艙，
，使用前記得要先用刻印機打入日期。

--

◆ From: 219.84.138.84","http://0rz.net/050x8"
"◇ [問題] 請問在荷蘭要怎麼寄明信片回台灣?","https://www.ptt.cc/man/EuropeTravel/D507/D5D6/M.1124232992.A.422.html","我在荷蘭的時候
是直接去類似書店的地方買的
(在阿姆斯特丹火車站裡面就有了)
或是小雜貨店也有
郵資的話  你跟他說你要寄到台灣
大概是0.55歐吧 <--這部分我有點忘了
如果你找的到郵局的話就去郵局買
比較不會被坑錢
(有些店會多收個0.10歐之類的)

不然就是當你買明信片的時候
直接問店家有沒有賣郵票

寄的話  路上郵筒都很多阿  滿方便的
(我是在阿姆斯特丹)
郵筒是紅色的
長這樣

http://www.wretch.cc/album/show.php?i=smallu&b=84&f=1118960456&p=11


所以找找看嚕..



--

我的旅行  美食  與生活

http://www.wretch.cc/album/smallu


--

◆ From: 81.129.87.251","http://www.wretch.cc/album/show.php?i=smallu&b=84&f=1118960456&p=11|http://www.wretch.cc/album/smallu"
"◇ 關於荷蘭比利時的交通","https://www.ptt.cc/man/EuropeTravel/D507/D5D6/M.1126447619.A.632.html","我的建議是你可以先到荷蘭與比利時的國鐵網站查點與點之間的火車費,
相加後跟荷比盧三國聯票的價格相比, 選擇對自己比較有利的方案
另外, 還需要考慮匯率問題(我記得聯票似乎是以美元計價, 而這兩國的
國鐵網站是以歐元計價)

荷蘭: www.ns.nl
比利時: 
http://www.b-rail.be/nat/E/tarifs/


其中, 荷蘭的費率有依first/second class以及是否具有折扣卡的身份來計算
如果你沒有折扣卡的話 (單買價一年約五十歐), 建議你買second class
因為與first class價差蠻大的, 而本人的經驗認為舒適度尚可接受。千萬注意
最好不要沒有折扣卡還選購reduction的車票, 因為還蠻常查票的, 被查到要罰
幾十歐

而如果你是與數位同伴一起去比利時玩的話, 有一個省錢的方法
可考慮合購go pass (under 26歲)約四十幾歐 或rail pass (above 26 歲)約六十幾歐
一張票上有十格, 可選擇當天兩個定點城市坐任何火車(單向)
例如從Antwerp centraal到Leuven, 一人使用一格即可,回程則再需使用一格,
無限人數使用, 最多是十格用完
使用前提是最好你想去的城市之間單買火車票的總票價高於go pass or rail pass
的購買價

最後, 荷蘭的traintaxi不是隨叫隨停, 而是必須透過計程車公司派車來接人
所以你必須在火車站的售票機先購買traintaxi的車票, 然後走到車站附近的一個藍
黃色小亭子, 透過裡面的對講機請對方派車來, 然後在原地等待

--

◆ From: 203.67.117.171","http://www.b-rail.be/nat/E/tarifs/"
"◇ [求租] Amsterdam 雙人房一間","https://www.ptt.cc/man/EuropeTravel/D507/D5D6/M.1135979429.A.AE0.html","我到阿姆斯特丹的時候是住這家
  
http://www.hostelworld.com/availability.php/TheBulldog-Amsterdam-644

  2004全球票選第四的hostel
  是真的還滿讚的
  它就位在紅燈區跟正常區域的交界
  職員超級友善
  房間寬敞乾淨 而且風格很特別
  然後我覺得最好的是....
  樓下它們自己的酒吧就有在賣大麻,magic mushroom, hash brownie
  (以上道德人士可以當作沒看見> <)
  因為樓下就有賣 所以可以抽完就趕快回房間
  才不會倒在外面被洗劫


--
  永不停歇的腳步
               踏上 未知的旅途

                            
http://www.wretch.cc/album/chiya666

  2005 in Europe
               And I'll keep going

--

◆ From: 203.203.175.187



作者: vanessalin (titi) 看板: EuropeTravel
標題: Re: [求租] Amsterdam 雙人房一間 2/15~2/17 3晚
時間: Sat Dec 31 22:14:28 2005

這兩個網站，介紹的很多喔~~
1.RateToGo: 
http://www.ratestogo.com

2.HotelClub: 
http://www.hotelclub.com



--

◆ From: 61.59.132.144","http://www.hostelworld.com/availability.php/TheBulldog-Amsterdam-644|http://www.wretch.cc/album/chiya666|http://www.ratestogo.com|http://www.hotelclub.com"
"◇ [請益] 請問冬日荷蘭行程","https://www.ptt.cc/man/EuropeTravel/D507/D5D6/M.1136590442.A.481.html","請問你一個人玩嗎??
你要不要試著部份行程不要住朋友家
因為我覺得來回車費可能會比你在當地的住宿費還貴
你可以試著算一下。

http://www.amsterdam.info/pass/

卡的資訊在這邊
你也可以算一下你所要逛的博物館門票加起來合不合理
在阿姆斯特丹的交通都可以用走的
所以如果為了坐電車/地鐵，是不必買這個卡的
(儘限阿姆斯特丹)
你可以買他們的聯票，這個還可以全國通用

http://www.vbn-bv.nl

而且冬天遊運河???我沒遊過，不過我覺得冷上加冷
用走的就很美啦
吃的話就自己去超市準備簡單的材料做三明治
或是吃他們的炸薯條
還有一家在安妮小屋旁賣煎餅的也很好吃
所以我說了這麼多，是覺得那張卡.....不必要
當然你逛的博物館多的話，另當別論
再來行程
第一天的洞窟你要先上他的網站找導覽時間
我記得不多，一天好像才4場(英文更少)
所以避免耽誤接下來的行程，要算好時間
還要搭配好公車，公車也不多
我們是在三國交界那邊遇到台灣團，
剛好他們下一站到洞窟，才拜託他們載我們去的
晚上建議可以在聖母堂附近吃好一點的餐館
很有氣氛。
我最喜歡的地方就是馬斯垂克了
第二天如果你一定要搭運河，還是早上搭吧
比較能看到東西
而且強烈建議就住在阿姆斯特丹，不然浪費錢
第五天，你五點前應該趕不到烏特勒支
因為到小孩堤防來回兩小時
還不包括等車時間

http://www.9292ov.nl/

(你可以算算看)
更何況你還要回來
就好好的在路特丹玩吧
不然，住AMS從早到晚玩兩天，省下的一天去烏特勒支，晚上回路特丹
第五天就直接在路特丹玩
你可以看一下我的相簿，我去年也有跑去荷蘭玩歐
一直很高興荷蘭是我第一個自助遊的國家
他的旅遊資料超齊全
讓我有信心一直自助下去







--
想來德國漢堡玩嗎?
可以參考我的小民宿歐~

http://photo.xuite.net/loveolive/129256


--

◆ From: 218.184.0.120","http://www.amsterdam.info/pass/|http://www.vbn-bv.nl|http://www.9292ov.nl/|http://photo.xuite.net/loveolive/129256"
"◇ 徵求荷蘭華人旅行社電話","https://www.ptt.cc/man/EuropeTravel/D507/D5D6/M.1146752662.A.2F1.html","貼椰林都沒人理我@.@

這邊人氣應該比較旺吧

------------------------------

人在馬德里可是想要買從amsterdam回台北的機票

問過我們這邊的旅行社

都表示在西班牙買會很貴

所以徵求荷蘭的華人旅行社電話

或者有任何網址可以買到從amsterdam回台北的機票嗎？

謝謝大家

--

◆ From: 84.77.48.134",""
"◇ [問題] 荷蘭的入口網站？","https://www.ptt.cc/man/EuropeTravel/D507/D5D6/M.1147361326.A.305.html","因為女朋友要出差去荷蘭一個多月，有很多生活資訊想要了解，所人請問一下有沒有人知
道到哪個網址、網站可算是荷蘭當地較大的入口網站。
看過Yahoo了，好像沒有荷蘭版的~~

希望有人知道，多謝。

附上一個多語翻譯的網站，當做小弟的一點心意，能翻荷文哦。


http://www.worldlingo.com/zh/microsoft/computer_translation.html


--

◆ From: 24.6.101.0","http://www.worldlingo.com/zh/microsoft/computer_translation.html"
"◇ [心得]關於第一次自助荷蘭行前準備II","https://www.ptt.cc/man/EuropeTravel/D507/D5D6/M.1148485865.A.1A9.html","作者: redstairs (想去荷蘭) 看板: StudyinNL
標題: [心得]關於第一次自助荷蘭行前準備II
時間: Tue May 23 03:39:26 2006


從三月底確定暑假要一個人要去荷蘭，就不斷地搞清楚所有的事情
想清楚自己到底要去多久，想去哪裡，我去荷蘭目的一方面是訪友，
一方面是參加那裏的暑期課程，看看大學，找到自己喜歡的學校。

只是，我完全沒有一個人自助的經驗：自己訂票、搭飛機、和學校接觸課程....
甚至一張信用卡都沒有辦~~總之，經過三個月的努力，好像所有事情都有了順序。
PTT也幫了我很多，我在這裡找到一個同樣在台南唸書，和我上同門暑期課程的朋友，
但是後來，學校課程卻取消了>”<，但我們約好要去AMS和羊角村自助一個禮拜时

1.首先先確定自己預算”荷包有多少錢，大概可以去多久~~~”
  -我先從荷蘭教育推廣中心的網頁查詢課程，我找到了Utrecht的許多課程，
   發現那裡有自己喜歡的藝術和文化課程，查詢時間、費用，
   很開心的那些費用包含了住宿還有一些書籍，有了確定的”時間、預算”
  -詢問自己即將實習的小學，自己是不是可以先利用暑假出國還有唸書。
 荷蘭教育推廣中心
http://www.neso-taipei.org.tw/Index_MainPage.aspx?Lang=C


2.查詢必備的一些東西
  機票、簽證、申請學校的一些東東、信用卡、國際學生證、HY青年旅館證…

 *國際學生證和YH青年之家會員卡
  國際學生證在歐洲搭火車有折扣，我自己是在成大內的成大書城辦的，$250
  YH證可以洽飛達旅遊 
http://www.gofederal.com.tw/
  現辦現領
   +所需證件
    1. 護照上英文名字（或護照影本）
    2. 英文地址(或身份證影印本)
    3. 出生年∕月∕日
    4. 卡費NTD600

3.中翻英地址：郵局網頁↓
  
http://www.post.gov.tw/post/internet/f_searchzone/index.jsp?ID=190103


4.開始比價、詢問，每天起床第一件事就是打電話、看歐元匯率

【機票、VISA篇】

 *機票
  先從背包客棧比較機票價錢
  
http://www.backpackers.com.tw/forum/portal.php
 (背包客棧)

  發現一些事情，機票從6/20開始漲價，所以我最好在漲價前出發，
  然後考慮自己待的天數，一個月的機票和三個月的機票。
  價錢和航空公司直接定或是請旅行社代訂都不一樣，
  我最後選定了東南旅行社幫我訂新航三個月的來回機票 $31800
  
http://www.settour.com.tw/Main/G_Travel.asp
 (東南旅行社)

  確定可以更改回程時間，所以，我放心的從網路上訂票~，
  剛好旅行社離學校不遠，我就親自去旅行社拿票、付錢，問一些相關的事。

 *Visa代辦
  我在台南，原本想自己上臺北，但是卻沒有時間，而代辦扣掉車資其實差不多。
  很感謝許多網友提供我一些旅行社，我問過大多的旅行社都是兩千二，
  後來，我找到理想旅行社，只要兩千，二話不說就先問清楚自己辦簽證需要哪些東西！
  
http://www.perfect.com.tw/
 (理想旅行社)

  原本，我是打算學校申請過後才去辦簽證，但是課程上確有的變動，
  所以只好先以訪友的名義申請簽證，
  我提供了：+來回機票訂購確認單(這很重要，海關最害怕有人跳機)
            +存款證明
              -我在自己定存的銀行辦，手續費$50，第二張以上$30
               郵局只要$20，中國信託據說要$300...每間都不一樣。
               要注意，當天存進去的錢，要在隔天的存款證明上才會出現!
            +護照、身分證
            +半年內白底兩吋照x2(可以自己幫數位照去背、排版，4x6可排6張)
            +邀請函or住宿證明
              -我住我朋友家，並沒有訂房證明，原本想要學校的邀請函下來再處理，
               但是我想報的課程卻因為人數太少取消，讓學校的邀請函無法確定，
               所以只好先用訪友的名義，只是要提供朋友的私人文件。
               旅行社要我提供邀請函，還有邀請人的""護照影本""，
               我開始上網找邀請函的格式，需要有自己的中英文姓名、
               邀請人的住址、電話、全名、然後一些其他的他邀請的理由。
               我總算拿到三個月多次進出的荷蘭申根簽證，我還有其他網友說，
               有的邀請函還必需經過當地的CITY HALL蓋章才行，又更麻煩了
              -有網友提供免費預定的網站 
http://www7.hrs.de/
 (HRS酒店預定)
               想要有住宿證明，卻不確定時間的人可以考慮，中文的唷!
              -如果是窮學生可以考慮YH青年之家，這裡還可以訂歐洲火車票，請參考
               
http://www.gofederal.com.tw/
 (飛達)
               
http://www.gostudyenglish.com.tw/fifa/shop.htm
 (飛達海外教育中心)
            +代辦費$2000
               (如果要自己辦是€35，換成台幣大約$1400，申請書可以從NESO下載
                
http://www.ntio.org.tw/(
荷蘭貿易暨投資辦事處)

*親友邀請函必要的內容

Your copy of passport. You can scan it the page which has your photo in it.
The“invitation”. It needs include the followings:
‧Your name, address, and phone number.
‧My Chinese and English Name.
‧Sing your name by handwriting of the invitation paper.
‧Mark the dates when I arrive and leave Holland.

(The fallowing is sample.It is from my friend who got before.)

Dear LIN, YING-I(林螢宜)

With this message I would officially like to invite you to the Netherlands to
visit my family and friends together with me.
From (arrieve date) till (leave date)--> Check them from my plane ticket
We'll stay at my place: (please write down your home address )

As a Dutch guy I have to shown you around in my mother land.

Best regards,
Your Name你朋友的名字 (It is better to sign your name on the paper)
Your Home Address你朋友的地址
Your Phone number你朋友的電話

關於經過CityHall的邀請函
  I also asked other friends and they answered me many ways.
  Some are easy but some are a little complicated.

1. From SZING, she ask her bf how did he apply the invitation?
   And she got his reply:

There is not apply thing. I can just get it from the local city hall.
The guy or girl who lives in holland just has to go there and get the
form for the invitation. And all the person does there is put some
stamp or signature on it. And then they need to send it to the person
in taiwan. Very easy proccess.

2. From Candy, she said, if it is my first time to Holland, and only
   go myself. It is better to prepare enough certificate. It is help
   me to pass the custom. She not only get some form in Taiwan,but
   also his Bf’s invitation from city hall,and his bank savings of
   account in one year.It is for proving you can help and care me if
   anything happened when I in Holland.
---------------------------------------------------------------------

【申請學校篇】

 *申請學校：我最後申請到的是Utrecht大學的Dutch Culture and Society
  ""最好先寫信確認可以報名再轉帳唷!""
  我確認先從Utrecht summercourse 的網頁查詢
  
http://www.utrechtsummerschool.nl/index.php?page=home

  原想報名Four Hundred years of Dutch Art and Architecture的課程
  在五月初左右，我開始和學校確認是否還可以報名，
  網頁左邊的 ""Contact us""可以聯絡學校，但是我遲遲等不到回信，
  所以，我建議直接寄信給課程介紹中負責人的Email，我隔天就收到回信了！
  我詢問了幾個重點：1.是否還有名額，想確定再匯錢。
                      -別小看確認的mail，要是當初沒有先詢問課程，
                       我或許就要為我先付款卻沒有開課的事情煩惱了。
                      -結果教授給了我一個晴天霹靂的答案~~
                       他說，太少人報名，5/15他們需要開會決定，然後再聯絡我
                       苦苦的等到十五號，得到的結果卻是取消了>""<
                       我開始尋覓其他課程，最後確定Dutch Culture and Society
                       可以在我能力範圍內，而且還有空缺，我隔天馬上去轉帳。
                    2.可以利用網路報名嗎？
                      -網路報名是可以的，但一般而言，是傳真再寄紙本過去。
                       我把申請書和轉帳證明影本先簽名再掃描，學校要求的。
                       接著把紙本申請書和兩張和護照一樣的兩吋照片郵寄過去。
                    3.請問有收到我的Email申請書嗎？
                      -收到了!而且有問題可以儘管問，不用客氣。
                       看到這些回信，深受感動~~教授和教授秘書都好友善，
                       讓我期待接下來的課程，並等待學校回信!!!
-----------------------------------------------------------------------
【銀行篇$】

*轉帳銀行比價:
  通常銀行會收轉帳費用的萬分之三當手續費(我不確定)，再加郵電費，但每間不一樣。
  後來我打電話到建華銀行，他們又透露了一個我們常忽略的事:
  小姐說通常匯款到國外，收款人並不會全額收到，國外匯款中心還會再收一次手續費
  所以我付的€300，到時候不會全額匯到。(如果有人跨國網拍，要特別注意>”<)
  如果要確定全額匯出，除手續郵電費要加收$750全額匯款費。
  但我後來我上網查，其實國外匯款中心的手續費，通常都是收款者自行吸收，
  所以我只匯€300過去。手續費大家可以先詢問銀行。我問到最便宜的是""台灣企銀""

    -台灣企銀，手續費$100+郵電費$220 = $320
    -台灣銀行$400，若是有在台銀開戶則是$300
    -中國信託、建華銀行 $500
    -京城銀行$560
    -匯豐銀行--只為客戶服務

*卡優網 
http://www.cardu.com.tw/card/searchResult.htm

  +這個網頁很方便，有所有信用卡的資訊和銀行資訊，可以查到電話和網址
   也可以比較多種優惠等等，找到自己最適合的信用卡，辦卡可能需要兩~三個禮拜
   如果是學生，沒有收入證明，彰化銀行有VISA學生卡、華南銀行有Master學生卡
   玉山銀行、永旺信用卡公司、台灣企銀申辦條件比較低，也可試試！
   匯豐銀行國外刷卡手續費0.5%、新竹商銀國外刷卡手續費 0.55%，但申請稍嚴。
   其他銀行 1%~1.55% 不等~
   -需要證件:ID影本、財力證明，學生辦卡也需附一年工作薪資證明

*跨國提款:怕現金帶太多會不見，可以考慮
 我很慘，因為是學生，又正值畢業和實習交接，卡在學生和就業之間
 我所辦過的信用卡幾乎都被退回，而我爸媽又沒有信用卡，更別說附卡了
 所以，又發現了ATM跨國提款的配套方式。讓自己可以在國外應急~
  +台灣大多的提款卡都可以跨國提款，但是使用之前要先注意
    -跨國提款的條件是：看你銀行金融卡有無加入跨國提款的系統！！
     您所持的金融卡上有是否有PLUS或Cirrus的標誌
    -您所選擇的自動提款機（ＡＴＭ）上貼有PLUS或Cirrus的標誌
     請配合您所持金融卡上的標誌PLUS或Cirrus)。
    -出國前，最好先查詢一下您要去的國家是否有提供跨國提款的提款機，
     位置在那裡？免得到時盤纏用盡，求助無門，
     目前二大品牌國際金融卡均可上網查詢提款機相關資訊；

     1.VISA的PLUS金融卡 在全球120個國家約有531,000部以上ATM
      可上網查詢； 
http://www.visa.com/pd/atm/main.html

     2.MasterCard的Cirrus卡 在全球113個國家約有465,000部以上ATM
      可上網查詢； 
http://www.mastercard.com/atm/


  +記得向銀行索取磁條卡密碼！
    -國外的提款機大多還是以磁條卡為主，而台灣多以換成晶片卡，出國前要記得
     先向提款卡所屬的銀行詢問自己的卡片是否已開啟國外提款功能。
    -確定可跨國提款後，務必申請磁條密碼”四位數字”否則就可別怪ATM不給你錢。
    -跨國提款手續費約是提領金額的1%＋NT$75，若領€1000，手續費是€10+NT75，
     約台幣275。但不同銀行會有1%~1.55%的差別，事先詢問是好的。
    -在國外提款之前，請先確認提領的上限是多少，以免浪費了多次的手續費。
    -另一個秘訣是比較信用卡預借、旅支等，可參考
     
http://tw.knowledge.yahoo.com/question/?qid=1005021600958


--------------------------------------------------------------------

~~~這是我目前弄到現在的心得~~~還有好多事情要做~~~
~~~大家可以分享一些好的資訊，PTT幫了不少的忙呢!




--

◆ From: 211.74.118.124","http://www.neso-taipei.org.tw/Index_MainPage.aspx?Lang=C|http://www.gofederal.com.tw/|http://www.post.gov.tw/post/internet/f_searchzone/index.jsp?ID=190103|http://www.backpackers.com.tw/forum/portal.php|http://www.settour.com.tw/Main/G_Travel.asp|http://www.perfect.com.tw/|http://www7.hrs.de/|http://www.gofederal.com.tw/|http://www.gostudyenglish.com.tw/fifa/shop.htm|http://www.ntio.org.tw/(|http://www.utrechtsummerschool.nl/index.php?page=home|http://www.cardu.com.tw/card/searchResult.htm|http://www.visa.com/pd/atm/main.html|http://www.mastercard.com/atm/|http://tw.knowledge.yahoo.com/question/?qid=1005021600958"
"◇ [心得] 荷蘭鐵路搭乘心得 + NS Zomertoer","https://www.ptt.cc/man/EuropeTravel/D507/D5D6/M.1247995042.A.847.html","有照片無音樂 推薦閱讀網誌版 
http://0rz.tw/b54vx


抵達荷蘭出機場後，
就得買火車票到阿姆斯特丹。
機場的火車站十分好找，
只要循著trein的標示前進就可以找到囉！
之前在爬文就知道在荷蘭人工售票每張會加收0.5歐的手續費，
使用自動售票機不需手續費，
但他吃硬不吃軟唷（必須用卡或是零錢才能購票）～
荷蘭硬幣有2元，1元，50分，20分，10分，5分（1分德國時才用到）。
為此我們還特別先在機場超市買果汁，
結帳時發現，
有標語寫著＂我們不換零錢，請到荷蘭銀行＂！
真是有夠歹勢的。
大概是換零錢的人很多，不勝其擾？！
換零錢的戰略在這邊宣告失敗。
只好依依不捨地向自動售票機告別，
步向售票窗口囉～

到荷蘭旅行的話，
可以先到荷鐵網頁
http://www.ns.nl/

查詢每日搭乘的站別票價多少，
考慮購買3日券，5日券是否比較划算。
在每年的7.8月會推出NS Zomertoer。
2人同行，2天只要65歐（第2天必須在第一天valid後7天內使用）。
如果需要使用到地鐵，路面電車或是巴士的話，
可以購買Zomertoer Plus-->2人2天75歐。
也有3P版本，
超級划算的！

NS Zomertoer
使用前記得要先到人工服務台或是月台上的打印機蓋上日期戳方可使用，
上下兩聯要連在一起不能撕開唷～
右邊空白處上面第1天的的日期章是請服務台人員蓋的，
第2天就是打印機打上去的，
上面的數字看不懂，
不過中間的數字vr就是星期五可以證明日期。
其餘的3個章就是車上查票時蓋上的！
所以請勿僥倖逃票，不然會遭受重罰唷～

一般車票資訊：
日期　klasse 2就是2等車廂。
起迄站
票價

荷蘭的火車時刻表可以在車站內或是月台上查到，
1.確認您要前往的車站。
2.先找出他在路線圖上的方向。
   （路線圖上會標出車種：IC(intercity大站間) stoptrein(每站都停的區間車)等等
...）
3.在目的地下方依據小時選擇您要搭乘的列車，記住發車時間及月台。
   例如：
   12   12  A站-C站  IC 4a
           25 A站,B站,C站  4
4.到月台時再次核對車輛資訊燈箱是否有你要前往的站名。

有時候同一個月台4a和4b會是不同的車，
所以要留意一下，不要搭錯車。
火車車廂內也不像台灣會有LCD跑馬燈一直跑各站資訊，
雖然有的車箱會顯示接下來的站名，
但這禮拜搭乘的火車大多沒有，
所以在車上要自己確認車站或是聽車長口頭宣布的資訊。

在荷蘭一般火車不劃位，
僅分乘1等車廂和2等車廂，
我覺得兩種車廂車廂及座位外觀上沒有太大差別，
大抵是座椅顏色不同，1等車廂僅有搭乘人數較少的區別。
所以建議購買2等車廂即可。
火車車廂內外都會有1或是2的標示，
入座前請確認走對車廂唷！

上下車時，
跟台灣自動門有點不同，
按一下車門旁邊的開門按鈕就會打開囉～

這次在荷蘭的移動工具都是使用荷蘭鐵路（火車），
因為平日通勤搭乘台鐵，
從未有在其他國家搭乘火車的經驗，
相較之下，荷鐵令人覺得可以信賴的多了。
首先，
荷蘭鐵路時刻票價都可以在荷鐵網頁上查到，
發車時刻及月台（加上轉車站時刻及月台）都絲毫不差，
7天中（都是平日，每天平均跑兩個地方，至少3段），
僅有一班時刻誤點（5min內），
也僅有一天早上從Eindhoven出發的火車改月台。
樣本數雖然少，但還是令人驚豔!
（畢竟每天搭的臺鐵總是誤點啊～）

其次，除了大站之外，一些較小的站多為無人車站，
提供售票機供旅客自行購票搭乘，
如果沒有零錢有些站內可在便利商店購票或者逛街買個食物換錢。
而有任何事宜想詢問，也可以按＂i＂電線杆上面的鈕通話反映。
不一定非得設置人員負責購票事宜。
荷蘭的車站離中心都在步行可以到的距離，
可以自由進出，暢行無阻，
進站也沒有剪票人員或閘門限制，
不用買月臺票或是繞一大圈，
直接從前站到後站那種感覺真是十分爽快！

第一次搭乘時，
看到有另一班列車同時與自己搭乘的這班列車向同方向行駛，
心裡還真是七上八下，
畢竟在臺灣只有往南往北啊～
或許也是因為荷蘭鐵路比較多軌道，
所以就算有故障也不至影響太大吧？！

--

◆ From: 218.162.207.161","http://0rz.tw/b54vx|http://www.ns.nl/"
"◇ 荷蘭照片分享","https://www.ptt.cc/man/EuropeTravel/D507/D5D6/M.1300491766.A.90C.html","時間好快，已經快過一年摟
是去年五月初的行程，到Leiden去參加研討會
很幸運的遇上 Kuokenhof開放的季節
現在人在南法這邊，雖說都是歐洲但還是很懷念荷蘭一切
雖然因時間因素去的地方不多
不過還是跟大家分享荷蘭的美麗

Leiden  
http://photo.xuite.net/muldertsu/4065272

Keukenkof  
http://photo.xuite.net/muldertsu/4065274

Amsterdam 
http://photo.xuite.net/muldertsu/4065276



--

◆ From: 90.36.105.80","http://photo.xuite.net/muldertsu/4065272|http://photo.xuite.net/muldertsu/4065274|http://photo.xuite.net/muldertsu/4065276"
"◇ [遊記] 荷蘭 Queen's Day","https://www.ptt.cc/man/EuropeTravel/D507/D5D6/M.1304420921.A.82C.html","網誌圖文版: 
http://elsachang.pixnet.net/blog/post/30097420




《荷蘭 ‧ 阿姆斯特丹》 Queen's Day 女王節橘色瘋


來到荷蘭的這一年最期待的就是 Queen's Day ( Koninginnedag ) 啦！這可是荷蘭一年
一度的大盛事，全民瘋運動，大家都會好好利用這個節日恣意狂歡 party ，在這一天你
可以有絕對的自由做任何瘋狂的事！

聽一些朋友說阿姆斯特丹非常擁擠恐怖，除非早點去晚點回，不然擠不上火車，火車上大家
也都會瘋瘋癲癲的。聽到這麼恐怖的形容，讓我想到台北 101 跨年晚會那種人滿為患的
景象，所以原本只想待在 Utrecht 慶祝就好。但是在前一個晚上我還是改變主意了，既
然人都在這邊了，而且有可能這是唯一一次我可以經歷的Queen's Day，不殺到Amsterdam
去體驗最經典的 Queen's Day ，我恐怕會終生遺憾吧。所以和朋友三人早上 8 點就到達
Amsterdam ……結果街上冷冷清清，可能是前一晚大家都還在宿醉吧，一直到 10 點半左
右才開始有人潮出現。我們就在寒冷的早上空晃了 2 個小時，我只能說我們太多慮、太
高估荷蘭人了。

慶祝的活動從前一天晚上就開始了 ( 29 April, Queen's Night )，大街小巷開始插滿荷
蘭國旗、橘色旗幟和裝飾物，人人穿戴橘色系，跳蚤市場和 high 翻天的音樂充滿大街小
巷，開始進入無政府狀態了喔  :D  跳蚤市場是這一天的重大特色，人人都可以在街上擺
攤，販賣各式各樣的東西，真的是什麼都賣什麼都不奇怪。而且這一天的所得是不用課稅
的，所以荷蘭人都非常熱衷這個活動。

因為荷蘭王室姓 Orange ( 荷蘭的國父為 William of Orange )，所以橘色成為皇室的顏
色，也成為荷蘭的國色。人人會用橘色來表示對女皇生日的祝福，橘色就是王道！

大家無所不用其極用各式各樣的行頭和裝扮來搞怪，讓我這個外國人看了也很過癮。

強力推薦來阿姆斯特丹的 Vondelpark，這邊熱鬧非凡，很多有趣的攤位都在這邊喔，還
可以看到許多可愛的小朋友。

不只販賣有形的產品，無形的服務也 OK 。我對這個攤位印象深刻，也最喜歡。一顆雞蛋
 1 歐，用盡你全身的力氣狠狠的砸過去吧。不要小看這個遊戲，它人氣超旺的，非常賺
錢！我只覺得那個被砸的人好可憐，而且他後來真的不行了，中途喊卡。看來淺水用的護
目鏡防護力不夠，他試圖想要找保護力更強的面具……..

許多家長也利用這個節日鼓勵小孩展現才藝。這裡的小孩真的多才多藝，三不五時就看到
小朋友在拉小提琴、唱歌、跳舞，真的很厲害。

遊船活動也是 Queen's Day 經典，在 Amsterdam 可以看到最多，因為這邊運河超密集。
我覺得最有可看性的運河在Holland Casino這邊 ( Max Euweplein 62, 1017 MB
Amsterdam )，經過的船隻比較多，可以看到每一艘船上都大放音樂、喝酒、跳舞、叫囂
，船上的 party 很酷。

岸邊的人也看得很爽

除了人還是人

第一次體驗這種全國性的大型嘉年華活動，真的很有趣喔。如果不是真的極度討厭人潮，
建議還是要去Amsterdam 瞧一瞧，絕對值得！



--


   ***** Make Your Life
         Natural   100% *****

--

◆ From: 213.233.247.176","http://elsachang.pixnet.net/blog/post/30097420"
"◇ [遊記]康斯坦茲、波昂、鹿特丹 (2010暑假)","https://www.ptt.cc/man/EuropeTravel/D507/D5D6/M.1305505734.A.CB3.html","這個周末跑到的範圍比較廣一點

三天各去了德國南部、中部&荷蘭鹿特丹

算是把Eurail pass用的值回票價~

一樣網誌前半部是英文(這樣問路時就不會不知道那個景點的英文名稱了 :P)

不過下半部有簡短的中文摘要方便安排行程

分享在這希望能幫助到今年暑假要去歐洲的人嚕

-----------
康斯坦茲的湖邊國王 @Konstanz

http://igoastray.pixnet.net/blog/post/34773897


勃肯鞋一試成主顧 @Bonn

http://igoastray.pixnet.net/blog/post/34786477


巧遇環法自行車賽 @Rotterdam

http://igoastray.pixnet.net/blog/post/34789595


-----------

2010歐洲行全記錄(緩慢進展中 :P):

http://igoastray.pixnet.net/blog/category/1734377


--
                            Be it astray, I go my way.


                         
http://igoastray.pixnet.net/blog


http://www.facebook.com/profile.php?id=1402900425


--

--

◆ From: 65.122.168.1","http://igoastray.pixnet.net/blog/post/34773897|http://igoastray.pixnet.net/blog/post/34786477|http://igoastray.pixnet.net/blog/post/34789595|http://igoastray.pixnet.net/blog/category/1734377|http://igoastray.pixnet.net/blog|https://www.facebook.com/profile.php?id=1402900425"
"◇ [遊記] 全世界最大的花卉拍賣市場在荷蘭","https://www.ptt.cc/man/EuropeTravel/D507/D5D6/M.1312552738.A.2E5.html","無影音之圖文網誌：

http://roxanneli-tasty.blogspot.com/2011/08/nl-floraholland.html



雖然小百科宣稱台灣是花卉王國，但以國際印象來說，荷蘭才是數一數二的花卉霸主，除
了鬱金香大量傾銷(算吧XD)，搭配每年只開兩個月就夠吸全世界觀光客的Keukenhof
Garden，近幾年還積極推進蘭花技術……小百科，還是別讓小朋友有錯誤印象吧(ˊ^ˋ)


另一項能證明荷蘭「花卉盟主」地位的是花卉市場Flora Holland，位於Aalsmeer，每周
一到周五早上七早八早……不，六點多就開了，拍賣一點都不精彩刺激反而靜默得驚人，
七點遊客中心開門才能購票入場，約莫八點半拍賣結束，若是加上搬運時間可能到十一點
還有活動可看，再晚來連遊客中心都關了，就掰掰明天請早。


網路或某些旅遊書上說票價是一人4歐，現在要來更新一下漲價狀況：成人一人5歐，除非
湊到15人以上才能有團體票優惠。買票附贈一份精美印刷品，然後請進入""自助式導覽""，
也就是沿路有一堆文字告示牌，自行欣賞。今天我們是在好朋友帶領下，才能六點半即進
入拍賣場一探究竟。


FloraHolland於2008年與Aalsmeer Flower Auction合併以後，毫不意外地成為全世界最
大花卉拍賣市場，周三相較於周一已經算是清閒的了，但也有千萬株花在這裡拍賣，許多
當然是偉哉荷蘭當地產的，但也是有從其他歐陸地區甚至非洲大陸(資料上提到伊索比亞
，朋友驚呼""哇，那裏有產花噢？"")來的花卉透過這裡轉到其他國家，畢竟這裡處理的花
卉幾乎都是外銷，據稱是佔全球花卉交易總量超過四成的重鎮呢！但Aalsmeer真的只是一
個鎮，大眾運輸不是非常方便，很明顯是因為離Schiphol機場不到車程二十分鐘遠才成為
這種經濟作物交易最佳地點。(地理地理！)


進入同時是全世界第四大商業建築的交易所(?)以後，遊客只能在空橋上行走，是U型走道
但不是直直走到底再轉彎，因為最後有一小圈是遊客禁入的。大抵的觀看重點如以下三項


(1)拍賣
共有兩間拍賣室，階梯狀一如開會，但遊客只能在兩側的玻璃窗外當惹人厭的觀光客，雖
然沒有禁止拍照，但當裡面正運籌帷幄得激烈，我們總是不要貼著玻璃窗對他們狂拍吧。
前方兩堵液晶牆分別顯示下方兩條輸送帶上的花，所以投標桌上配有兩台電腦，各執行一
邊，但有不少人帶著自己的筆記型電腦，資料顯示是可以遠距下標，不知道是不是人在曹
營，一手遠距到漢？至於神奇的下標系統就待訪客親眼體會了。


(2)滿山遍野的花
通常花是一束束裝在小箱子內再放上拖櫃的，畢竟拍賣時也得讓人家看看花長甚麼樣子，
有的交易員會將花束拿出展示，有的只是稍微拉一下意思意思。老實說我本來對花不是非
常有興趣，種嘛嫌麻煩、收花束也嫌命短，可是從天橋往下看到一叢叢花，顏色都迷人得
好像很好吃(這是我個人的最高評價XD)紅多橘少的豔橙紅、黃得又能像是從一束普通向日
葵濃縮而成、天使般的淡藍、到予人「高貴」二字的沉紫，每一色彩顆粒都極其濃郁，幾
乎能在眼中留下殘影，我不免動了買花的念頭(這是拍賣會場，無散貨可買)。


(3)駕車技術神乎其技
一個個載滿花的拖櫃必須根據不同得標人重新組裝，然後掛上拖車一路穿梭館內，直線衝
刺、S型扭動、U型彎都是小意思，最厲害的是掛了那麼一長串還能在館內穿梭自如，即使
旁邊突然殺出另一輛拖車也能瞬間微調到安全距離，而且每台幾乎都是橫行霸道卻沒車禍
，真是太強大了。


交通方面，官方網站或他人遊記往往推薦大家從阿姆斯特丹中央車站搭172路公車一路直
達門口……南荷蘭居民絕對不要這樣做！看地圖就知道Aalsmeer根本就在Schiphol旁邊沒
多遠的地方，尤其要是住在萊登、海牙、鹿特丹者可千千萬萬不要跑到阿姆斯特丹再走回
頭路：首先OV折扣卡在那麼早的時間不可使用，所以到阿姆斯特丹單程票價至少7歐，還
要搭公車將近一個小時，車上購票再4歐('皿')當然不要啊！建議利用

http://www.9292ov.nl/
查詢，目的地寫地址Legmeerdijk 313, Aalsmeer或車站BVFH
Hoofdingang。


[範例]從Leiden出發：
5:21AM搭火車前往Hoofdoorp
(約5:35到，是Schiphol前一站)
5:47AM轉搭公車140號前往Hortensiaplein Aalsmeer
(約6:02到，車上會有液晶螢幕顯示)
6:09AM轉搭公車172號前往BVFH Hoofdingang
(約6:17到，公車上都會有一群人要去上班的，放心)
若使用OV卡，價錢會在7歐以內
此範例日期為2011.8.3，建議利用上述網站查詢最新班次

官方網頁：
http://www.floraholland.com/en/Pages/default.aspx


--




--

◆ From: 82.139.80.125","https://roxanneli-tasty.blogspot.com/2011/08/nl-floraholland.html|http://www.9292ov.nl/|http://www.floraholland.com/en/Pages/default.aspx"
"◇ [遊記] 荷蘭：Kinderdijk 小孩堤防～18世紀風車群","https://www.ptt.cc/man/EuropeTravel/D507/D5D6/M.1315222368.A.91B.html","網誌圖文版：
http://www.wretch.cc/blog/hpyuann/10500566



入駐鹿特丹的主要目的就是在其市區東方15 km的Kinderdij～小孩堤防風車群！提到荷蘭
，最能代表這個國家的，除了鬱金香外莫過於風車。以密度而言，擁有19座十八世紀以來
的古風車的小孩堤防也是來荷蘭的必訪之地，而Kinderdijk也在1997年被列入世界文化遺
產！

        之所以名為”小孩堤防”主要是來自一個傳說：一次storm之後發生了洪災，當
人們躲到地勢較高的堤防處時發現一旁的水上浮著一個搖籃，當大家覺得這裡頭的嬰兒恐
怕是沒救時，看到一隻貓為了平衡在搖籃兩頭跳來跳去，這不但讓搖籃沒有翻覆，裡頭的
嬰兒也得以保全。而這裡的風車除了作為動力系統來碾磨穀物外，它還負責抽水至河流，
所以就像是抽水站一樣！


        從鹿特丹至Kinderdijk主要有兩種方式，一是搭bus，一是搭waterbus，而我選
擇的是去程搭waterbus，回程坐公車！(交通資訊寫於篇末)

waterbus在新天鵝橋附近，也離hostel相當近！在此坐waterbus前往Ridderkerk，然後在
Ridderker換車至Kinderdijk！

在Ridderkerk換了艘較小的船～waterbus從鹿特丹加換車坐下來約需40 mins才能抵達
Kinderdijk！

Kinderdijk這裡的風車和之後在Zaanse Schsns (贊斯安斯)看到得很不同，這裡感覺較自
然，不像贊斯安斯看起來那麼商業化，但相對地這裡的風車也不如贊斯安斯那麼色彩絢爛
，取而代之的是較平靜、較村野的感覺！

除了圓形的風車外，也有這種八角形的風車，在Kinderdijk有幾座風車有開放內部參觀，
門票3歐～

回程時在公車上遇到一位來自上海的研究生，研究生來交換學生沒啥新意，但特別的是她
的科系，她是念video art，我起初沒啥概念地問了：「這是和電影藝術有關嗎?!」但顯
然這個提問就像是別人知道我是念大氣科學系時都會問我是不是出來要當氣象主播…orz
所謂的video art不見得要是一個完整的影片製作，而是用動態影像去表達一個概念，所
以顯然是很art的一個類別！她舉例她最近在做的一個project，她每天戴著一個很長的帽
子，穿著上也稍微有些特別，然後在帽子前端有個廣角的錄影機，而同時它也會投影前一
天拍的畫面在地上，而她每天就這樣在同樣的時間，用著同樣速度的步伐走著同樣的路徑
，然後錄下這過程中的一切，可能是一旁指指點點好奇的路人，也有這條路上兩旁的景觀
，也記錄的這個行為，這就是video art！(所以有在鹿特丹看過一位奇異的人士做著如此
舉動的，那應該就是她了…)

註：下車前她給了我她的網頁，有興趣的人可以上去看看她的作品～

http://www.zhuxiaowen.com/



水路：可至新天鵝橋附近搭waterbus至Ridderkerk (€4)下船後轉搭3號船至Kinderdijk
(€1.5)，總船程約40 mins，之後沿著指標約走7 mins可抵達風車群。但僅夏季才開船，
且3號船最後一班回程時間較早，最後在上船後和服務然員索取船班時間表！ =>
waterbus官網
公車：可在Zuidplein地鐵轉乘90號公車，車程約一小時，星期天可免費搭乘！



*雖說waterbus不失為一種體驗，但其實船程間沒啥風景可言，這€5.5花得不太值得，因
為剛好是星期天去，所以回程就選擇了免費公車！

*很多人是從Amsterdam前往Kinderdijk，單程耗時2 hours，也難怪有去過Kinderdijk的
朋友覺得這個點不太值得，雖說網路上很多人說鹿特丹很無聊不值得去，但我還是覺得從
鹿特丹前往Kinderdijk較順，不到半天就可以遊覽完荷蘭最重要的風車群，而剩餘那幾小
時在鹿特丹市區看看現代建物也不錯！

--

◆ From: 169.234.118.37

--
～快樂心，自在行～


http://www.wretch.cc/blog/hpyuann


--

◆ From: 169.234.118.37","http://www.wretch.cc/blog/hpyuann/10500566|http://www.zhuxiaowen.com/|http://www.wretch.cc/blog/hpyuann"
"◇ [遊記] 荷蘭阿姆斯特丹：環狀運河城市","https://www.ptt.cc/man/EuropeTravel/D507/D5D6/M.1316101236.A.566.html","網誌圖文版：
http://www.wretch.cc/blog/hpyuann/10501206



景點：Dam Square、Oudekerk、Red Light District、Magere Brug、Rijksmuseum、Van
Gogh Museum


        初到Amsterdam的感覺並不如普遍旅客們敘述地那樣一無是處，或許是首都的關
係，確實顯得擁擠、凌亂，但因為我的第一站是鹿特丹，它過於現代化，反而是在進入古
城Amsterdam後這才有到了我心目中歐洲城市的樣子！

阿姆斯特丹素有北方威尼斯之稱，是荷蘭黃金年代也就是十七世紀時為了打造港埠城市而
建的環狀運河城，共有超過百公里長的運河、90座島和1500座橋，阿姆斯特丹的運河也在
2010年正式列入世界文化遺產，所以我剛好多一個世界遺產入袋囉XD

這是第二趟backpack的旅行，而這次為了要拍夜景所以還帶了腳架，外加workshop還要另
帶稍微像樣的衣服和鞋子，所以背包大概有14~15 kg重吧！在城市間移動時，每每都像隻
駝獸一樣，即便歐洲氣溫舒適，但總會在尋找路程的試誤之中汗如雨下…


Dam Square (水壩廣場)

        歐洲的城市無論大小，普遍都會有一個大廣場，通常也是人群聚集之地或主要景
點之一！在Dam Square周邊較重要的是Royal Palace這棟建物，於1655年起作為市政廳，
而在國家博物館聽解說的過程中有提到Royal Palace，說當時在建此棟建物時是以其要作
為世界知名建物為目標而蓋的華麗建築，同時也是彰顯17世紀荷蘭的繁盛，但實際上看到
Royal Palace時倒不覺得特別，也有可能是正在整修的緣故，所以外觀看起來醜醜的…；
在Royal Palace旁是一間歌德式教堂(圖裡背景建物)；而在廣場一邊還有一座紀念碑，是
紀念二次大戰的遇難者！


Oude Kerk (舊教堂)

舊教堂就位在紅燈區旁，是阿姆斯特丹最老的教區教堂！(可使用Holland Pass的木鞋卷
入內或是門票€5)

Oude Kerk有歐洲最大的中世紀木製穹頂！

雖然教堂內部看來有些老舊，但這個精緻的巴洛克管風琴相當引人注目。

        而這個教堂還有一個特色是，地板全是用墓碑做的?! 因為教堂是建於墓地之上
，資料指出至少有10000位市民是埋藏於此...... (看來晚上這裡阿飄不少)



Red Light District (紅燈區)

所謂的紅燈區是真的有一盞盞紅燈高掛在櫥窗上，而櫥窗裡是穿著清涼的妓女在那搔首弄
姿地吸引客人，這天下午微微下雨，看來雨天生意不錯，因為大多櫥窗都拉上簾幕......
正在交易中......

        出發前在查資訊時，一度苦惱一個人到這區會不會有些奇怪甚至是不安全，在阿
姆斯特丹市區可以找到night tour帶你逛紅燈區，事前訪價大概是十歐元，不過實際來到
此處時發現，這裡再平凡不過，雖然路上還是可以看到許多觀光客們小心張望著，但這裡
的氛圍並不會讓人覺得凌亂不安，就像一般尋常街上的兩旁有商家在做生意，所以一個女
生在這裡閒晃、遊覽一點也不奇怪！

這條街上連招牌都性暗市意味濃厚！


Magere Brug (瘦橋)

        一開始就介紹了阿姆斯特丹是個運河城市，當然橋的數量也不在話下，事前上荷
蘭觀光局時就有小小研究了一下這裡的橋樑，雖然功課是做足了，但實際上走起來當然是
沒有多餘的時間走訪介紹裡的那些橋囉，只利用了住在市區的那個晚上冒著雨去最有名的
瘦橋拍了個夜景！

這座橋是可以開合的，這張的角度上可能還不是太好，或許要從另一座橋正面照過來較能
看清楚中間橋開合的那個部份！


博物館

        在阿姆斯特丹最重要的兩座博物館非Rijksmuseum (國立博物館)和Van Gogh
Museum (梵谷博物館)莫屬！因為這兩座博物館是阿姆斯特丹的重點，而且梵谷又是我最
喜歡的畫家，所以當然要另起一篇來好好介紹他囉！(請待下回) 另外其實在阿姆斯特丹
還有一處著名的景點是Anne Frank Huis (安妮之家)，安妮當時為了躲避二次大戰時德軍
對猶太人的迫害，和其家人就躲在此處，在這樣艱困的日子裡寫下了著名的""安妮的日記""
，而日記裡滿是小女孩對於戰爭的恐懼和身為猶太人的心酸！但因為我對這本名著一直都
沒有什麼興趣，所以也就沒有到那參觀了！


INFO：

住宿：Hotel Hostel Mevlana，Dorm (6 beds)，€30，不含早餐。這其實是一家旅館式
的hostel，大陸人開的所以中文也可以通，是滿乾淨舒適的，廁所和淋浴間是分開的，也
有廚房，但唯一壞處是樓梯極為狹小陡峭，爬起來十分吃力，尤其當你要提著行李上去時
......。在阿姆斯特丹的這晚是我這趟荷比盧德行裡住最貴的一晚，這也是為啥最後我選
擇以Utrecht做為據點而不是阿姆斯特丹的緣故。

雖然我是訂6-bed dorm，但老闆說：都是同胞，我幫妳升級成4-bed dorm...
房內有洗手台和小書桌，雖然有附無線網路，但訊號不好，到大廳使用速度較快！

火車：Rotterdam => Amsterdam，€13.4。
門票：Rijksmuseum (國立博物館)，€10，語音導覽€5。Van Gogh Museum (梵谷博物館
)，€14，語音導覽€5。兩個博物館皆可使用Holland Pass的鬱金香卷！


--
～快樂心，自在行～


http://www.wretch.cc/blog/hpyuann


--

◆ From: 169.234.118.34

--

◆ From: 169.234.118.34","http://www.wretch.cc/blog/hpyuann/10501206|http://www.wretch.cc/blog/hpyuann"
"◇ [遊記] 荷蘭庫勒慕勒美術館，梵谷與(予)我的朋 …","https://www.ptt.cc/man/EuropeTravel/D507/D5D6/M.1317036525.A.B74.html","網誌圖文版：
http://www.wretch.cc/blog/hpyuann/10502026



“I want to make drawings that move some people.”

  ~ Vincent van Gogh


        位於Van Gogh Forest (梵谷森林)內的Kröller Müller Museum (庫勒慕勒美
術館)館藏量十分豐富，雖然不只有梵谷的作品，但收藏的梵谷畫作量稱之是梵谷博物館
第二也不為過，這一切還得感謝Helene Kröller-Müller這位愛好梵谷的夫人。荷蘭的
梵谷博物館和庫勒慕勒美術館讓這趟梵谷朝聖之旅相當充實且完整，這也是為什麼我選擇
用部份交錯的方式介紹這兩座博物館～

        自畫像往往是畫家想藉由畫作來表現自己的方式，而梵谷在不同時期皆有自畫像
的創作，雖說在不同階段裡他的心情全然不同，但他的自畫像自始至終都帶股憂鬱……

這是1887年的自畫像，也是我最喜歡的其中一幅自畫像！在梵谷搬至巴黎後，繪畫上開始
受到印象派的影響，喜歡用較長的筆觸去表現光影變化。

* 這張明信片很直覺地想到了錦屏。歐洲行前子婷在來訪時聊到了錦屏的近況，講到會計
師的工作相當辛苦，常要工作到相當晚；剛好子婷來時也和丁滿吃了頓飯，丁滿在LA也是
做會計的工作，同樣也提到會計師這工作相當苦……於是乎看到眉頭微皺的梵谷就想到了
從事會計的妳～就像每每看到梵谷的自畫像都想去揉開那深鎖的眉頭：Be happy！


        堪稱庫勒慕勒美術館的鎮館之寶的，莫過於這幅星空下的咖啡座了：

Terrace of a Café at Night，1888


        事前有考慮過要不要來趟梵谷主題之旅，就是打破傳統荷比盧的走法，跟隨梵谷
足跡去旅行，在參考旅遊資訊時發現，像Arles(亞耳)這梵谷待過的小鎮保留著當時梵谷
作畫時的場景，與畫作兩相對照應該是相當有意思！而在聽這幅畫的語音導覽時對梵谷有
了新的了解，原來他喜歡晚上作畫?! 這樣回想起來，無論是這幅星空下的咖啡座或是星
夜，以及其它畫作等，不少是選在晚上作畫。導覽是這樣解說的：「晚上光線變化較少，
對比強，這些都利於創作…。」這段話裡有趣的是，隸屬印象派的梵谷居然迴避了光影變
化?! 不過或許對於直接寫生的梵谷而言，夜晚的光線確實好掌握些，另外就像攝影一樣
，其實太陽剛下山時，天空不盡然是全黑的，靛藍色的星空更美些，與酒店和咖啡館等的
光線做對比，確實畫面是豐富許多，這或許是梵谷喜愛夜晚作畫的原因吧！


        承接著上一篇(梵谷博物館)講到因為與高更的決裂而造成的精神崩潰，在1889年
時梵谷決定到Saint-Rémy (聖雷米時期，1889-1890)的精神病院接受治療，這時期的作
品開始出現大量的漩渦和扭曲。對這時期的作品印象較深刻的大概是麥田系列，因為精神
病院外就是一片麥田，可以想像一個正在療養的病人精神脆弱地看向窗外的麥田是多麼地
孤單與無助：


Wheat Field with Reaper and Sun，麥田裡的收割者與太陽，1889

The Sower，播種者，1888


        另一幅在Saint-Rémy時期也是相當重要的作品：

Road with Cypress and Star (星空下的絲柏路)，1889，這幅畫常與Starry Night作比
較，一樣是漩渦式的線條，黃橘色的月和星星與天空形成強烈對比，有種神智錯亂的緊張
感，而中間的柏樹又帶點詭譎的氣氛，這時的梵谷精神狀態已經越來越差了…。

        1890年5月梵谷離開了療養院前往Auvers-sur-Oise (奧維爾時期，
1890.05-1890.07)，兩個月後便舉槍自殺了，被視為是最後遺作的是這幅麥田群鴉：

Wheat Field with Crows，1890.07，藏於梵谷博物館。詭譎的天色和有著不祥之兆的烏
鴉暗示著梵谷最後走向死亡…。

聽著梵谷的故事，看著他晚期的畫作，唐麥克林的那首Vincent之歌不時地會在我耳邊響
起：


How you suffered for your sanity?!
How you tried to set them free…


...兩個館藏的梵谷畫作介紹到此，對我來說梵谷也是這趟荷蘭行的經典，推薦給所有來
荷蘭旅遊的人！


Kröller Müller Museum其它畫作


庫勒慕勒美術館裡還有幾幅知名畫作，像是：

Auguste Renoir，""In the Cafe""，1877

Paul Gauguin，""Potret van Atiti""，1892


Van Gogh Forest (梵谷森林)

        Kröller Müller Museum成立的概念就是融合自然與藝術，因此有了此座藏身
於森林內的美術館。雖說是名為森林，但其實森林本身沒啥好看的，園內有附設免費的腳
踏車，所以一般都是騎車經過這片森林後再參觀美術館！

腳踏車後方有小椅子可以置物，然後車子是用擋煞，就是反方向踩可煞車～

Sculpture flottante, Otterlo, 1960-1961, by Marta Pan

在這座Van Gogh Forest裡有號稱全歐洲最大的雕塑公園，不過我沒來得及在雕塑公園關
前將所有塑像給逛完，有點可惜~

Femme accroupie，1882，羅丹的作品

INFO：

* 從Utrecht坐火車至Ede-Wageningen (€7)，出火車站後會看到巴士站，搭108號bus至
Otterlo (上車買票是€4，這時用CV卡有折扣)，下車後在同一站轉搭106號免費巴士就可
進到梵谷森林。(這樣的路線比一些旅遊書上寫搭至Apeldoorn便宜)

* 梵谷森林和庫勒慕勒美術館的門票是分開的(各€8)，皆可使用風車卡(所以在這裡用掉
了兩張...好貴)

* 庫勒慕勒美術館有語音導覽€2，但只有英文的，所以較建議大家先去梵谷美術館，之
後再來這裡聽英文導覽看畫較不吃力！(當然英文好的人就沒差啦)

* 庫勒慕勒美術館是可以拍照的，更多畫作照片可至我相簿觀看：

http://www.wretch.cc/album/album.php?id=hpyuann&book=85



--

◆ From: 169.234.118.34

--

◆ From: 169.234.118.34","http://www.wretch.cc/blog/hpyuann/10502026|http://www.wretch.cc/album/album.php?id=hpyuann&book=85"
"◇ [遊記] 荷蘭：烏特勒支和大麻蛋糕","https://www.ptt.cc/man/EuropeTravel/D507/D5D6/M.1317250927.A.894.html","網誌圖文版：
http://www.wretch.cc/blog/hpyuann/10502198



一開始就打算避開大城市阿姆斯特丹，而是以Utrecht這個相對寧靜的城市為據點，因此
這一住就是四個晚上！以這裡為出發點的好處是來回各景點的交通費比從阿姆斯特丹出發
便宜，而住的hostel不但便宜，品質也較首都為佳(hostel介紹於篇末)，呵～相當推薦以
此城市為據點！


         Utrecht是個還滿古意的城市，最有名的莫過於Domtoren，這個Utrecht的主鐘
樓～它是全荷蘭最高的一座鐘樓，高度達112.5m！


歐洲的城市都會有座主鐘樓，或許看多了你不太會太care它的存在，但每當鐘聲響起時，
身為遊客又很難不去注意它，我想鐘樓之於歐洲大概就像水之於荷蘭一樣，已經是生活的
一部份了！

這前後兩張絕對是在同一天拍的，但看起來天氣似乎是截然不同～話說，八月份的荷蘭天
氣真是變化多端，我拍攝的這前後兩張鐘樓大概只相差1~2小時，而就在我進入鐘樓下方
最近的那家咖啡店喝了杯咖啡、寫了張明信片的同時，外頭已經下過了一場不小的雨～所
以當我走出咖啡店時已雨過天青，剛好拍到了這張有藍天的照片！

鐘樓其實是Saint Martin天主教教堂的一部份，這是我第一次近距離看到哥德式建築所謂
的""飛簷""，相當精緻漂亮！

這座鐘樓比起之後看的鐘樓還算不錯漂亮的地方在於它的塔頂是樓空構造，滿典雅的！不
愧是作為當時荷蘭繁盛時期展現國力的一座最高鐘塔！

Utrecht也是個運河城市，但走至目前為止，對於滿是水的荷蘭，我似乎已經漸漸對運河
免疫了... (什麼!!!還沒去到傳說中的羊角村就已經對運河無感了...)

我覺得當初選擇以Utrecht當作落腳處算是滿對的選擇，喜歡人較少、環境相對舒適的城
市！


大麻蛋糕

        為啥不是選在最具代表性的阿姆斯特丹嘗試，而是跑來這個寧靜的地方試吃大麻
蛋糕?! 其實沒有什麼特別的理由，因為在阿姆斯特丹都在趕行程啊!!! 只好選在行程較
鬆的Utrecht，找個悠閒的午後來試試這個名字聽來就帶有些許罪惡感的蛋糕(?!)

大麻蛋糕就長這樣...造型和口感有點像香蕉蛋糕～但微微吃得出大麻的香味！

        搭火車的過程中在遇到第一位荷蘭人時我就詢問過有關大麻蛋糕的事了，因為總
會擔心自己一個人吃這種食品會不會有危險，荷蘭人給的建議是不要吃太快，要是害怕會
有幻覺的話，就先吃一口看看有沒有反應，等隔了十五分鐘再試第二口...，有位荷蘭人
和我說，最好是找一個閒適的午後，什麼事都不要做時再吃，因為要是真有反應，可能會
思考緩慢且有點呆滯地什麼事都不能做只能發愣，哈哈，聽起來好有趣～所以我選在
Utrecht的最後一個下午食用！在荷蘭，所謂的""coffee shop""賣的都不是咖啡，聽起來有
點掛羊頭賣狗肉，這些店完全是抽大麻的地方！想當然，抽大麻的地方環境一定不佳，所
以常常都是快步走過這些店～而雖然街上是不允許抽大麻的，但總有違反禁令的傢伙，所
以走在路上多少會聞到大麻味，因此久了也就習慣這股淡淡的荷蘭味！
        本以為走進coffee shop會有點可怕，但沒想到我就像走進雜貨店買東西一樣：
「老闆，我要space cake (大麻蛋糕)！」老闆連證件也不查，就從冰箱那了一塊給我，
要價€3～我就這樣很興奮地捧著它回到hostel和在hostel遇到的兩位台灣女生一同分享
這塊""違禁品""！這可能是我這輩子唯一一次吃的違禁品(?!) 我們小心翼翼地每隔15分鐘
吃一口...哈哈...什麼事也沒發生，害我有點懊悔，因為我有點想體驗輕飄飄的感覺...(
應該吃快一點厚)
        不過對於不會抽煙的人來說，親嘗大麻食品還是挺有趣的！

INFO：
* Amsterdam=>Utrecht，火車票€6.7。
* 上到Domtoren塔頂，門票€8，可使用Holland Pass的風車卷。

* Utrecht有間音樂鐘博物館，最後到比利時的布魯日(Bruges)時有進去鐘樓，那時才發
現鐘樓好有趣，很後悔之前在Utrecht時沒有去音樂鐘博物館(門票€8，也可使用風車卷)
看看，在旅遊節目""世界那麼大""裡有集有介紹過這裡，可以參考一下！

* 住宿：Stone Hotel & Hostel
6 bed mixed dorm (廁所是在房內，€19.5)，我覺得還滿舒適的，我忘了照它的交誼廳
和廚房，它的交誼廳和廚房很乾淨，煮食起來相當舒服，非常理想的一個居住地！ 距離
車站大概步行時間是15~20分鐘，離hostel不遠處就有間超市，生活機能還不錯，離主要
景點Domtoren大概也只要10~15分鐘的步行時間。



--

◆ From: 169.234.118.34

--

◆ From: 169.234.118.34","http://www.wretch.cc/blog/hpyuann/10502198"
"◇ [心得] 2011 荷蘭 阿姆斯特丹 II","https://www.ptt.cc/man/EuropeTravel/D507/D5D6/M.1319955165.A.762.html","2011 荷蘭 阿姆斯特丹 II


圖文請往連結
http://www.wretch.cc/blog/givemereal/8925420



來打我的最後一篇荷蘭行
我只能說自己真是偏心到不行啦
德國想打的慾望超低 阿姆斯特丹就打三篇




上圖是荷蘭的皇室住的地方喔
現在歐洲有皇室的國家也不多了
大家都來到此一遊拍一張
看看這樣能不能就順便看到個王子嫁了算了




然後就前往市區晃晃 他們去看鑽石工廠 我們路邊閒晃
我喜歡阿姆斯特丹的鐵軌車 也喜歡他們乾淨的街道



市容這麼美有一個很大的原因 阿姆斯特丹的人超愛騎腳踏車的
真的超愛!! 路上很少看到機車 都是腳踏車
單車對荷蘭人來說，是日常生活的一部份幾乎人手一部，有的人還擁有2部。
他們會用騎著去上班、上學、買東西等等，所以，您常常可以在一大清早，
看到許多西裝筆挺的上班族騎著單車穿梭大街小巷。



然後就搭上我這次歐洲行的第三次遊船
說來也慚愧 我上船時根本搞不清楚這條河叫什麼
到現在也還是搞不清楚



不過有河的城市都好美 巴黎 Adom 倫敦 阿姆斯特丹都應證了這句話
河兩邊的房子的風格跟巴黎不盡相同 巴黎是一棟一棟充滿貴族氣息的建築
阿姆斯特丹比較像是一般普通人家會住的



也很多水上人家住在這
雖然是住在水上 但他們可不會因為這個就減低任何一點曬太陽的機會
就算是水上也要有陽台拉 哈哈哈哈





搭船中會經過很多小小的橋 橋上都停著好多腳踏車
上面也提過 荷蘭人愛騎腳踏車 所以拍起來好美
好有書卷氣習

遊船費用大約15歐元 有中文講解 而且船長親切有趣
算是很值得的體驗喔



我們在市區買了好多喜歡的明信片
遇到很多親切的人 我真得要說 如果要前往歐洲
阿姆斯特丹應該是做為第一站很好的選擇
這裡的人比起其他歐洲人親切非常非常非常多
英文好 不冷漠 會提供資訊 在歐洲其他地方真得很難遇到
而且相較之下這裡的物價比較低一些 比起 該死的 巴黎倫敦
真得非常喜歡這裡 推薦給大家拉



還有喜歡這個城市的活力 真的是非常有活力的城市
大概因為我們去的是夏天 那幾天太陽公公又大方的露臉
(再次謝謝老天爺如此疼我



還有討厭的歐洲人就是到處都有大片大片的草原
讓他們隨地而躺 一點都不害臊 又脫又裸的

如果沒時間去近到不行的草園也沒關係



他們也會物盡其用 就把椅子擺在人行道上
然後全身脫光只剩一條內褲 就為了曬黑!!!!
他們真的超愛在陽台做所有事 動不動就看到有人掛在窗戶旁
或是把椅子放在家門口 有夠不甘寂寞



我喜歡這個城市 也迫不及待要再來重遊
希望看完我打的瑣碎到不行的文章你也會跟我一起愛上阿姆斯特丹
還有太多地方沒去 安妮的家 太空蛋糕....




 ps 原來海尼根是荷蘭的啤酒 我一直以為是德國的呢
      強烈建議要來這裡喝現釀的啤酒 真的跟罐裝的不一樣
      順口好喝很多喔~~~~ 還有 我不是酒鬼喔






_____________________________________________

嚕嚕米
http://www.wretch.cc/blog/givemereal


--

◆ From: 220.136.174.124","http://www.wretch.cc/blog/givemereal/8925420|http://www.wretch.cc/blog/givemereal"
"◇ Fw: [遊記] 盧森堡：千堡之國","https://www.ptt.cc/man/EuropeTravel/D507/D5D6/M.1320276598.A.D76.html","網誌圖文版：
http://www.wretch.cc/blog/hpyuann/10504711



盧森堡是我這趟旅程中唯一沒做功課的點，原以為一般荷比盧行程裡盧森堡只是用來湊數
的一個國家，但實際走一遭卻發現it’s better than I think，甚至是我這趟旅行裡最
喜歡的幾個城市之一！
        在歐洲已走了一星期多，為了節省支出，通常在一個城市裡能靠步行的就絕對不
會花錢搭bus，但火車站至盧森堡的hostel距離有點遠，抵達時又已經是晚上十點多了，
最後還是屈服地搭了第一班市區公車～不過運氣就是那麼好，公車司機一下說他在忙晚點
再收錢，一下子又在車門邊抽煙示意等會兒再收錢，最後下車時，他搖搖手說不用付了
!!! (什麼鬼，盧森堡司機是好人)

        晚上十一點抵達舊城區要入住的Luxembourg City Hostel，在走進hostel前的那
段路經過了一處看起來是遺跡的地方，隔天早上才發現那是座大橋，但晚上經過時有毛了
一下，心想：「住在舊城區裡的晚上途經這些古蹟還真嚇人」而這家Hostel感覺相當高級
，進去後我還很不安地問了一下櫃台人員：「Is this a hostel?」是的，不知道的人還
以為走進一家旅館勒～(住宿資訊列於篇末)





        在荷蘭Utrecht的hostel遇到一位背包客，她已玩遍歐洲，前陣子剛從盧森堡過
來，在hostel裡我們小聊了一下，她拿著相機瀏覽著照片狐疑地說：「真是奇怪，這盧森
堡拍起來隔外好看耶~」我接過照片看，是啊，從照片裡看起來就是個要塞城堡的感覺，
我問：「這從哪取景的啊?!」她說：「就沿著Corniche走自然就會看到…」這是我對康尼
徐走廊的第一印象！

        這被譽為”歐洲最美麗的陽台”的康尼徐走廊真不是浪得虛名，這讓事前沒做太
多search的我感到意外驚喜，這也是為啥我後來漸漸走向不做太多功課的旅行，因為過多
的事前閱覽反而破壞了初來咋見地那種驚喜感～走入這要塞的城牆走道就像進到畫廊般，
往左可俯看Alzette Velley，Alzette River穿過可愛的Grund小鎮，藍色的尖頂小屋是卡
通裡出現的那個兒時印象裡的歐洲；向上仰看另一側，則是一層層疊高上去的城牆，這樣
的觀景角度不曾有過，小而美的盧森堡市輕易地就躍居至心中的前幾名！

不過路癡的我，即便拿著地圖走，在這城裡還是迷路了orz 一路沿著康尼徐走廊向上走，
試圖尋找大公宮殿~

石磚路與粉色明亮的公寓

老實說，我並不知道這裡是哪，可能離新城區有些近了，一整區的白色建築，真是莫名的
有特色，而這裡還可以租到腳踏車，不過在這高低起伏那麼大的城市裡騎腳踏車恐怕不是
個好主意…。





        多繞了一圈路，終於找到了大公宮殿…。所謂的大公宮殿，顧名思義就是盧森堡
大公(君主立憲制的元首)的辦公場所啦～要是有看到國旗升起，那就代表大公正在裡頭上
班，那…星期一的今天他人居然不在啊?!
* 每天10:00 am ~ 6:00 pm，每兩小時穿著傳統軍服的衛兵就會進行換哨儀式一次。





這座教堂在十八世紀末時開始供奉聖母瑪麗亞，爾後於1870年時被教宗Pius IX欽點為聖
母大教堂。
        聖母大教堂對面是憲法廣場，走到此處，阿道夫橋和貝特留斯要塞就一覽無遺了
，不過在開始要塞之旅前，我決定先鑽進附近的巷弄裡覓食～




Italiano
17 Ave, Monterey, 2163 Luxembourg

        是的，你沒看錯，我正在盧森堡的篇幅裡介紹可麗餅，而且店名還是
Italiano(?!) 我是不知道這家店和義大利有沒有什麼關係，但好吃的東西還是要分享一
下囉！在來此之前吃過德國豬腳、義大利麵，預計之後去比利時會吃到海鮮，那這勢必要
進店裡吃的一餐，要選擇什麼好呢?!就在我還在傷腦筋時，這家可麗餅店就出現在我眼前
啦～


我選擇了臻果巧克力口味的可麗餅，超級好吃的！看起來薄薄一片，但實際吃起來卻滿多
的，本以為這類甜點吃多會膩，但搭配著Cafe Machiato真是嘟嘟好

很可愛的杯子，一樣附有小餅乾～(歐洲咖啡的size都是這麼小...)
一份臻果巧克力可麗餅€5.8，一杯Machiato €2.4，這樣的組合還算滿實惠的





        吃飽喝足就來逛要塞吧～目前開放的要塞有兩處，一是貝克要塞，一是貝特留斯
要塞！說到要塞，不得說說它的來由：西元963年，Siegfried伯爵在此處建了一座碉堡，
其後因為盧森堡的地理位置向來為鄰近各國的必爭之地，也造就了這數世紀的政權交替，
因此防禦工事越做越強大，此處甚至有""北方的直布羅陀""之稱！這防禦性超強的城市共有
24座碉堡、16個軍事防禦系統以及長達23公里的地下通道，也因此這在歐洲首屈一指的偉
大工事在1994年被登錄為世界遺產。
* 開放時間11:00 am ~ 4:00 pm，導覽tour成人要價€3。





        從憲法廣場望向阿道夫橋的同時，也將這貝特留斯河谷盡收了眼底！這座橋建於
1900~1903年間，總長153公尺，其中橋拱最大跨幅超過85公尺，為當時世界上最大的石砌
拱形橋樑～不過小小遺憾的是，據說這裡夜景很美，而我卻因為在Trier錯失了一班火車
而延誤了一小時多才抵達盧森堡，因為夜已深最後只好放棄了拍攝夜景的機會...

        整體來說，盧森堡市是個逛上一天就足夠的城市，但話雖如此，每個城市都要用
一天走完，這樣天天走下來也累爆了...我開始慶幸接下來的四天是Workshop，可以稍作
休息一番...(結果Workshop是拿來休息的XD)




* 從Trier前往盧森堡：在Information Center可要到Trier到Luxembourg的公車時刻表與
火車時刻表。星期天並無公車前往盧森堡，只能搭乘火車(€10.8)。
* 從盧森堡進到比利時最便宜的方法：從盧森堡坐火車至比利時的Arlon (€9.8)，再從
Arlon前往你要去的比利時的城市。因為我是在新魯汶開會，又剛好2011夏季平日有特惠
票，也就是無論路程長短，一段火車就是€7.5，所以Arlon > Louvain-la-Neuva近兩小
時的火車只要€7.5，真是被我賺到了
* 盧森堡市區公車，單趟€1.5。
* 住宿：Louxembourg City Hostel，6 bed mixed dorm，€22.9，附早餐。地點佳，離
景點非常近；房間很舒適，衛浴設備也很優，環境非常好，相當推薦！

--

◆ From: 169.234.118.34","http://www.wretch.cc/blog/hpyuann/10504711"
