"國家名稱","國家URL"
"精華區beta EuropeTravel","https://www.ptt.cc/man/EuropeTravel/index.html"
"返回上層","https://www.ptt.cc/man/EuropeTravel/index.html"
"精華區","https://www.ptt.cc/man/EuropeTravel/index.html"
"◆ 巴黎和義大利的治安","https://www.ptt.cc/man/EuropeTravel/DFA8/D682/index.html"
"◆ J的國際換日線","https://www.ptt.cc/man/EuropeTravel/DFA8/D8CE/index.html"
"◆ 布拉格親身實遇‧扒手篇","https://www.ptt.cc/man/EuropeTravel/DFA8/D1B/index.html"
"◆ 新天鵝堡烏龍事件始末（1）","https://www.ptt.cc/man/EuropeTravel/DFA8/D405/index.html"
"◆ 〔遊記〕起司、火腿、圓麵包","https://www.ptt.cc/man/EuropeTravel/DFA8/D623/index.html"
"◆ 小Mind 英倫之旅","https://www.ptt.cc/man/EuropeTravel/DFA8/D9C/index.html"
"◆ 荷蘭鬱金香開車自助行遊記","https://www.ptt.cc/man/EuropeTravel/DFA8/D5B7/index.html"
"◆ 我的德瑞義25天自助行遊","https://www.ptt.cc/man/EuropeTravel/DFA8/DB64/index.html"
"◆ [分享] LittleQuilt 義大利與匈牙利","https://www.ptt.cc/man/EuropeTravel/DFA8/D968/index.html"
"◆ mickky的匈牙利遊記分享","https://www.ptt.cc/man/EuropeTravel/DFA8/DCCE/index.html"
"◆ 迴紋針06冬記旅","https://www.ptt.cc/man/EuropeTravel/DFA8/D6BD/index.html"
"◆ stranger0611","https://www.ptt.cc/man/EuropeTravel/DFA8/D410/index.html"
"◆ rosiel413 - 芬蘭挪威","https://www.ptt.cc/man/EuropeTravel/DFA8/DBED/index.html"
"◆ shimmer0322【慕尼黑遊記分享】","https://www.ptt.cc/man/EuropeTravel/DFA8/D1/index.html"
"◆ annalise [葡萄牙遊記]","https://www.ptt.cc/man/EuropeTravel/DFA8/D652/index.html"
"◆ Maggie0310  歐洲之旅","https://www.ptt.cc/man/EuropeTravel/DFA8/D143/index.html"
"◆ eva0105 - 德國柏林","https://www.ptt.cc/man/EuropeTravel/DFA8/D4/index.html"
"◆ [心得] yasminlin - 義大利","https://www.ptt.cc/man/EuropeTravel/DFA8/DFEB/index.html"
"◆ smallgress-英國行","https://www.ptt.cc/man/EuropeTravel/DFA8/DC0C/index.html"
"◆ shimmer0322 - 法國","https://www.ptt.cc/man/EuropeTravel/DFA8/DF59/index.html"
"◆ odintoby - 瑞士義大利","https://www.ptt.cc/man/EuropeTravel/DFA8/D89D/index.html"
"◆ lingling英國倫敦照片與網誌分享","https://www.ptt.cc/man/EuropeTravel/DFA8/D656/index.html"
"◆ Esh歐洲行","https://www.ptt.cc/man/EuropeTravel/DFA8/D258/index.html"
"◆ amberwang","https://www.ptt.cc/man/EuropeTravel/DFA8/D61B/index.html"
"◆ toiletmei","https://www.ptt.cc/man/EuropeTravel/DFA8/D614/index.html"
