"分類","標題","URL","內文","內部連結"
"【  行程規劃與交通  】","◇ [心得] 如何利用歐洲的廉價航空","https://www.ptt.cc/man/EuropeTravel/D14F/M.1317250874.A.F6F.html","文有點長，建議看網誌有圖比較好閱讀


http://tdrider.pixnet.net/blog/post/37792954



ptt 純文字版


廉價航空是在歐洲旅遊常使用的交通工具。特色就是買到便宜機票的機率高，最大

的缺點就是沒有彈性，有著許多的限制在裡頭，像是限制隨身行李的數量大小，動

不動就要追加費用。而機場位置通常不好更是一大問題，常發生機場到市區的交通

費比機票本身還昂貴的情形。更別提誤點了，廉價航空誤點的機率非常的高，運氣

不好，在機場空等半天也不是啥稀奇的事。BUT便宜非常重要的！！！


訂購廉價航空機票要注意哪些事？


最重要的，莫過於確認停靠的機場。

許多大城市都有兩個以上的機場，廉價航空通常都停靠交通較為不便的那個，這關

係到預估到機場的時間以及交通費用。像倫敦的希斯洛機場是著名的大機場，交通

方便、選擇多，交通時間短，費用也比較便宜。周遭的機場，如Luton機場，選擇較

少也比較麻煩，像坐火車前往的話，還要再換接駁公車。因此若不考慮時間，單純

就錢考量，需要把機票跟機場市區接駁交通的錢一起算進去才可以比較停哪個機場

比較划算。


機場位置也牽涉到機場與火車站的問題。以倫敦到愛丁堡作為例子：假設從倫敦市

中心出發，目的是愛丁堡市中心。由於火車站在市中心，因此坐火車的話約四個半

小時可以從倫敦市中心抵達愛丁堡市中心。若是坐飛機，儘管飛行時間約一個小時

，但需要提前一到兩個小時到機場，從倫敦市中心到機場再加上機場到愛丁堡市區

的時間也要一個半到兩個小時。兩者時間差不多，更何況沒把誤點時間再算進去。

考慮價錢與舒適度的情況下，火車可能成為一個更佳的選擇。


行李限制問題。

一般而言，若想托運行李必須在訂票時決定，這樣才能享有優惠。訂票之後才想到

要加買，價錢跟臨櫃買是一樣的。而臨櫃買最大的問題就是排隊，先排隊到櫃台秤

重買托運服務，再到航空公司櫃檯繳錢換收據，之後再到櫃檯完成加買拖運服務的

程序。若人多的時候，半小時一小時以上都是有可能的，因此千萬別鐵齒拖到最後

一刻才到機場。


而隨身行李通常只允許一件，行李尺寸大小各家的規定不一，是否有限重也不一定

，最好可以在搭乘前確認是否符合，否則到時候被判不合格又是一條花費。若是在

歐洲買登機箱，通常他們會有一本各家航空公司隨身行李尺寸表可供查詢，或者有

些登機箱品牌主打可搭乘所有的廉價航空，他們的登機箱絕對符合標準，當然，這

也表示比較小。


假使東西太多裝不進登機箱，或者重量過重該怎麼辦？有個簡便的方法可以解決這

問題，那就是請全部「穿」在身上。例如說：你買了一頂帽子，過海關時戴在頭頂

就不算行李；靴子比較重，所以穿靴子登機。進階點，相機等物品放在外套口袋就

不算隨身行李，也就是所有的口袋裝滿物品也不算違規。那海關檢查怎麼辦？外套

脫了給他X光檢查即可，只要不是刀叉等違禁品，沒有人規定外套口袋不能擺滿各種

物品呀。


增加搭乘的舒適度

1 安全門座位

廉價航空一般旅客是沒有劃位的，開放登機時大家排隊登機選座位。建議各位要嘛

排最前面，不然排後面點。早登機可以選喜歡的位置，晚一點登機則有機會選擇安

全門座位。常坐飛機的知道，安全門座位通常比較寬敞，有時必須加錢才能乘坐，

因此這位置算是經濟艙的最佳座位。選這座位的通常會被提醒要會講英文，發生意

外時要協助空服員疏散旅客什麼的，不過跟舒適比起來，這一點都不重要。


為什麼晚點上機的比較有機會坐這位置？據我的觀察，空服員會稍微擋一下直奔這

個坐位的乘客，傾向這座位作為緩衝或者大熊體型的人使用，若晚一點登機，他們

就不會擋太兇，只會提醒坐這座位該盡的義務（事實上，我通常一坐下來就睡著了）。


2 自備飲料食物

廉價航空上頭的食物是要錢的，因此可以自備食物上飛機。水可以在機場商店買，

食物等可以在市區先買好，這樣上了飛機便有吃有喝，不用擔心餓肚子的問題。有

些人會煩惱這食物能否帶到另一個國家，歐盟國內是沒這問題的，若飛往歐盟國以

外，只要在飛機落地前吃完即可。登機時，除了危險物品之外，不會檢查乘客的食

物能否帶到另一個國家的。


3 避免櫃台排隊

若不希望花太多時間在櫃台排隊辦理登機，最好的辦法是不要拖運行李外加自行辦

理好線上登機，這樣就可以直接拿著自行列印的登機證通關登機，不用去櫃檯報到

。假使有托運行李，務必提早到，因為櫃台的效率通常不是很好。


搜尋方法分享

可以多加利用skyscanner（ 
http://www.skyscanner.com.tw/
 ），搜尋時建議轉成

英文比較方便。廉價航空不一定天天都有班機，假使期望的日期沒有班機，可以試

著搜尋前後幾天。搜索到了別急著由價錢決定搭乘哪班飛機，搜尋的目的是為了知

道這條航線可以搭乘哪機家航空公司。廉價航空須由自家的網站介面訂票，所以確

定哪幾家有飛之後，看各家的詳細資料，價錢有時會有出入。


而價錢各家的顯示方式不一，有的秀出的價錢是含稅價，有的尚未含稅，必須點選

之後進一步查看才會知道。一般人能選擇的付款方式大概就信用卡或visa debit，

刷卡還要另外付費，這錢記得算進預算當中。



何時可以買到最便宜的票


理論上，愈早買愈便宜，所以保險點請盡早決定行程。周間的票以及非假期的票也

會比較便宜，因此移動日最好不要選在周末。不過，原則總有例外，有時候他們會

推出促銷方案，像是五磅的機票還免稅，這就要碰點運氣了。



安排行程方法分享


給自己愈多彈性，找到便宜機票的機率就高上許多。廉價航空的訂價策略是愈多人

使用就愈貴，愈少人就愈便宜，因此A到B的價錢不同於B到A，周末跟平日的價錢也

會不一樣。有時候A到B、B到C的價錢總和會比A到C來的便宜，因此若不定死行程，

有點配合飛機來決定行程的味道時，就可以省到許多交通費。


此外，強烈建議不要利用廉價航空轉機，像說預計班機四點到，接著搭乘六點的飛

機到下個城市。就算一般的航空公司，若不是同聯盟的班機，前一段誤點造成你無

法搭上飛機也很難要求賠償，頂多希望加錢買下一班的機票。


廉價航空會牽扯更多的問題，像曾發生旅客被要求先入境，重新出境給海關檢查，

這項要求偏偏是要登機時才提出的，想當然爾，該班飛機趕不上。


如之前一直提到的，廉價航空最容易發生的問題就是誤點，請別預先買好任何抵達

當地的對號票券，因為誤點造成損失是很難要求賠償的。



廉價航空以外的問題


最常聽說的就是海關或者櫃台的問題。由於英國、愛爾蘭、申根免簽，大家常去的

觀光地方都不需要簽證即可前往，然而並非所有的機場與櫃檯人員都清楚台灣已經

是免簽國，所以偶爾會有糾紛，記得多帶一分申根免簽的公文給他們作查詢。此外

，小機場有時會因為我們是「特別」的，因此會得到比較多的「關愛」，海關會特

別嚴格什麼的。除了配合之外，也要清楚自己的權益，像說事態嚴重時，別自以為

會講英文，而是要求對方請一位會講中文的來作溝通。當然，有時候不是自己英文

不好，而是對方的母語不是英文而溝通不良，試著強勢一點，讓自己搶得主導權引

導對方問出他想問的問題。


在歐洲旅行，廉價航空常常比火車還便宜，因此是個吸引人的交通方案，不過總總

的限制必須注意，機票上頭的注意事項也務必讀過，免得掃了自己旅遊的興致。而

一些規劃行程的技巧，只是個大方向，許多問題還是要視不同案例作調整才能解決

。話說回來，我認為廉價航空最有趣的地方是常有些奇怪的航線，假使想去一些冷

門地方走走逛逛，廉價航空確實是一個不錯的選擇唷。

--

◆ From: 180.176.45.137","http://tdrider.pixnet.net/blog/post/37792954|http://www.skyscanner.com.tw/"
"【  行程規劃與交通  】","◇ 第一次查詢德國國鐵就上手","https://www.ptt.cc/man/EuropeTravel/D14F/M.1155103221.A.DCB.html","昨天下了一整天的雨快悶死了
於是我關在家裡寫了一篇關於查詢德國國鐵的簡易版本
希望可以幫助到想來德國自助旅行的新手
英文版跟我的德文版翻譯也可以對照著看

ps 也可以查跨國喔 從巴黎到北京也可以喔 只是查不到價錢而已

圖文版 
http://blog.webs-tv.net/iamnatasha/article/2835274


文字版

1)首先連上
http://www.bahn.de/
或是
http://www.db.de/site/bahn/de/start.html

  都一樣，直接進入德國國鐵(Die Bahn)的首頁，然後找到左上方的查詢功能。

  假設我們想要知道從慕尼黑到中世紀小鎮羅騰堡的火車班次和時刻表

  於是von:Muenchen，nach:Rothenburg

  時間的話，因為邦票在平日使用時間是早上九點～隔天凌晨三點

  於是時間輸入09:00，日期就隨意05.08.06好了（德國的日期寫法是-日/月/年，
  可別寫錯囉）

  按下Suchen

2)按下Suchen之後，新的頁面右上方會有語言選項的下拉選單，在這裡就可以選擇
  英文囉。不過如果你還是想挑戰德文版的查詢方法，那就繼續往下看！

3)第三步還有一些其他的選項要注意，譬如說，如果你買的是邦票，就不能坐ICE/
  IC/EC，只能坐RE/RB/IRE/S；如果你是從台灣買的德國國鐵票（Railpass）就沒
  有限制了，每一種火車都可以坐！所以這個階段在Verkehrsmittel交通工具選項
  也幫大家過慮了能坐或者不能坐的車種。

  如果你有買BahnCard，或者很可惜沒有從台灣買國鐵票又不能使用邦票的情況下
  ，就只能個別查詢價格了。

4)上述的交通工具選項點進weitere Optionen之後，會出現以下可愛的小圖；你只
  要把你可以搭乘的車種打勾勾，搜尋時就會自動把他們過濾掉。

  這裡出現問題囉！大家都知道羅騰堡的拼法是Rothenburg

  可是為什麼查詢出來的下拉選單卻有一大堆跟Rothenburg很像甚至一模一樣的地
  名呢？

  原來，其實德國不只有一個城市叫做羅騰堡喔！而其中最有名的，就是德國南部
  巴伐利亞邦的中世紀小鎮羅騰堡。

  那.....那這樣不是會搞不清楚嗎？

  對呀，所以聰明的德國人就想了一個好辦法，因為這個中世紀小鎮羅騰堡剛好位
  在陶伯河（Tauber）的上游，於是大家就在她的名字Rothenburg後面加上ob der
   Tauber，意思就是「在陶伯河上的羅騰堡」，這樣就不會搞不清楚了

  其實大家更熟悉的法蘭克福也是一樣。

  你知道德國不只一個法蘭克福嗎？北德就有一個城市也叫做法蘭克福，可是我們
  平常熟悉的華航直飛法蘭克福的法蘭克福Frankfurt並不在北德啊～

  所以，聰明的德國人又出現了，啊哈，有全德國最大國際機場的法蘭克福剛好旁
  邊有緬因河流經，所以........你猜對了，其實有全德國最大國際機場的法蘭克
  福真正的全名是Frankfurt am Main「緬因河旁的法蘭克福」。

  這樣，當你下一次查詢德國城市，選項又出現了一大堆同名城市的時候；這時該
  做的，就是趕快去查清楚，到底該城市的真正全名是什麼喔。

5)所以我們在眾多的下拉選項裏找到了Rothenburg ob der Tauber ""Bahnhof""，
  Bahnhof有時候會簡寫成Bf。咦？Bf又是什麼呢？難道是羅騰堡的boyfriend?

  德文的主要火車站叫做Hauptbahnhof，也簡寫成Hbf。Haupt主要、首要，
  Bahnhof火車站。

  通常在主要的大城市才會有主要火車站，那像是中世紀小鎮羅騰堡這樣的小地方的
  火車站，就可以直接把Haupt拿掉，變成Bahnhof，簡寫成Bf。

  同樣的，如果下一次查詢其他城市，出現很多城市名+後面不知道寫什麼的怪地名
  選項，直接選擇城市名+Hbf or Bf，很容易就可以找到該地火車站的時刻表囉。

6)按了搜尋之後進入新的頁面，馬上就列出當日九點以後的時刻表。如果這些時間你
  都不滿意，想要更早或者更晚的出發時間，在Zeit那一欄的上下都有可以點選。右
  邊的一般價是單獨買單程票的價格，以這段路程來說，這個價格可以略過，因為在
  巴伐利亞邦有邦票可以使用；就算是最右邊的優惠價也還是比邦票貴上許多，所以
  大家可以用右手把右邊的螢幕遮住謝謝。

  愛惜光陰和愛惜身體的你，一定也有此疑問。一定要轉那麼多次車嗎？沒有直達車
  嗎？一定要坐那麼久的火車嗎？

  是的沒錯。會舉羅騰堡當例子就是因為這個小鎮實在太麻煩了，但是他又太菲夢絲
  ，一傳十十傳百，千里迢迢來到德國的人都好想去喔。

  可是他就是那麼跩啊，就是沒有直達車嘛，沒有直達車！沒有直達車！沒有直達車
  ！老師有說你有在聽嗎？

  其實也就是因為羅騰堡地處交通不變的區域，商業活動並不頻繁，所以才能夠完整
  的保存從中世紀遺留下來珍貴的城牆、老房子和石頭小徑啊。

  選好你中意的時間了嗎？再點進去看更詳細的轉車資訊！

7)新的頁面會出現很詳細的轉車資訊，幾點幾分在哪一個月台轉哪一班車，幾點幾分
  抵達都非常清楚。怕轉車時間太短來不及嗎？老實說這真的是要靠運氣，因為德國
  國鐵一直以來引以為傲的準時已經是歷史了，我之前去魯爾區的文章已經抱怨過了
  ，就不再重複。不過像是往羅騰堡這樣小鎮的區間火車，其實誤點的機率是很小的
  ，因為到羅騰堡要轉的兩次車，都是在很小很小的站，你在這個月台下車，下一班
  車已經在旁邊的月台等著你了，而且德國的月台，有些數字並不是相連的，譬如第
  一月台相鄰的不是第二月台，而是第三月台。

  舉以上的時間為例

  Steinach(b Rothenb)  Sa, 05.08.06  an  12:31  2
  Steinach(b Rothenb)  Sa, 05.08.06  ab  12:36  5
  Rothenburg ob der Tauber  Sa, 05.08.06  an  12:50  1


  從Steinach到Rothenburg ob der Tauber這裡轉車時間只有五分鐘

  而且是從第二月台要到第五月台

  不過因為這輛車是專門從Steinach到Rothenburg ob der Tauber的車

  前一班車還沒到，這班車已經在那邊等待了，而且這輛火車很迷你，記得只有兩節
  車廂吧

  會到Steinach的人有很大部分是要轉車去羅騰堡的，所以他們一定會等全部的人都
  上車才會開走

  事實上德鐵敢排出這樣的行程表，去除誤點的因素，是一定來得及轉車的

  如果是在其它的大站轉車，時刻表就不會只排出五分鐘的轉車時間囉。

8)要查詢回程的時刻表也是一樣的方式，把出發地和目的地交換就可以了。不過德國
  鐵路厲害的地方還不只這樣，等你到了德國各大火車站，會看見許多德鐵的自動查
  詢/售票機，如果行程突然改變了，或者萬一錯過了原本要搭乘的班次，在機器上
  也可以查詢即時的火車時刻表，或者你要查詢未來某一天的也可以；最棒的是機器
  還可以馬上免費列印時刻表給你喔。（觸控式螢幕，有多國語言選項）



--

就是要走錯路 才知道世界上還有別的風景

http://blog.webs-tv.net/iamnatasha


--

◆ From: 172.176.146.96","http://blog.webs-tv.net/iamnatasha/article/2835274|http://www.bahn.de/|http://www.db.de/site/bahn/de/start.html|http://blog.webs-tv.net/iamnatasha"
"【  行程規劃與交通  】","◇ [問題] 羅馬達文西機場到火車站","https://www.ptt.cc/man/EuropeTravel/D14F/M.1155103415.A.596.html","如果你不是住在Termini火車站附近還是立刻要搭火車到別的地方，
不建議你搭9.5歐元的Leonardo Express。首先，它一點都不快，
其次它還常常誤點。班次還比較少。最後它硬是比另一班火車貴了
快一倍。

建議搭乘另一開到Tiburtina的火車，然後在越台伯車站就可以下
車，五歐元只花了二十幾分鐘，週末以外的班次也比較密集，十五
分鐘左右就一班，到越台伯河車站後轉搭8號電車，十幾分鐘就到
達威尼斯廣場附近。另外，住在越台伯河區比Termini附近安靜。

搭乘從機場開出的車票要先打過，機器進去會印下日期，請注意有
沒有印出來，機器有點兩光。地鐵如果是一日卷，第一次使用也要
打上日期。其他火車不用。

你要從哪裡到比薩？從翡冷翠到比薩旺季會有點擠，但如果不幸沒
位置坐，也不會站很久。最快一個小時十分鐘就到了，前提沒誤點
沒慢分，不過要義大利火車不誤點不慢分好像有點難。

--

歡迎光臨我的部落格


http://blog.webs-tv.net/rebeccalin


義大利遊記新出爐

--

◆ From: 218.160.38.142","http://blog.webs-tv.net/rebeccalin"
"【  行程規劃與交通  】","◇ [問題]關於英國的住宿","https://www.ptt.cc/man/EuropeTravel/D14F/M.1182448807.A.594.html","12月將到英國2星期
上網查了一些住宿的資料
打算在倫敦,約克,曼徹斯特及湖區留宿
想問問大家有沒有推荐哪些住宿的地方呢?


以下是目前考慮的一些地方
麻煩有經驗的朋友給一些意見...
有沒有哪家是不錯或不好的..
謝謝喔..^^



(1)
http://www.hanoverhotel.co.uk/photo-gallery.htm

    這是倫敦的....近victoria站
    一間房一晚49-64英磅左右


(2)oliver plaza hotel
    
http://www.capricornhotels.co.uk/oliverdefault.asp

    這在EARL'S COURT附近
    一間一晚71英磅左右

(3)airways hotel
   在VICTORIA附近
   一間一晚70英磅左右
   
http://www.airways-hotel.com/



(4)
http://www.lupton.com.tw/

   這是台灣人開的民宿....
  一晚23英磅

(5)
http://www.holmelea.co.uk/

   這是約克的民宿
   一間一晚70英磅

(6)
http://www.holidaycityeurope.com/etrop-grange-manchester/index.htm

    在曼徹斯特
    一晚一間70英磅





--

◆ From: 59.121.1.192




作者: iffish (i love kaka) 看板: EuropeTravel
標題: Re: [問題] 英國的民宿
時間: Fri May 11 21:37:42 2007


我3月底去倫敦玩時住一家叫做Pickwick Hall的b&b
這是他的網址
http://www.pickwickhall.co.uk

離holborn地鐵站大約走三分鐘
到大英博物館大約走三到五分鐘
交通很方便
附近治安也不錯
holborn站一出來還有Sainsbury's
買東西很方便

我住過雙人房有附衛浴的房間
也住過雙人房share衛浴的房間
基本上雖然share衛浴的房間沒有廁所
但是我住了幾天下來都沒有遇過浴室或廁所客滿的情形
(也就是很方便啦　　^^)
share衛浴的浴剛比較大  洗起來比較舒服
但是附衛浴的房間浴室就比較小囉
而且沒附衛浴的房間裡也有基本的洗手台和鏡子  還算方便
另外，不論有無衛浴設施，房間內都備有微波爐和冰箱
一樓也有廚房  可以自己煮東西
早餐的話  有附大陸式早餐(土司  鮮奶  茶  果醬)
一樓客廰也有電腦與電視  查資訊很方便
房東patrick先生人也很好

所以我很推這一家哦


--
    一天就降過完了，
    明天緊接著來，
    今天和明天之間，並沒留有空隙
    沒有機會喘息，
    所以日子，天天，降子，繼續。
    可我不怕，因為，","http://www.hanoverhotel.co.uk/photo-gallery.htm|http://www.capricornhotels.co.uk/oliverdefault.asp|http://www.airways-hotel.com/|http://www.lupton.com.tw/|http://www.holmelea.co.uk/|http://www.holidaycityeurope.com/etrop-grange-manchester/index.htm|http://www.pickwickhall.co.uk"
"【  行程規劃與交通  】","◇ [問題] 布拉格往芬蘭的機票。","https://www.ptt.cc/man/EuropeTravel/D14F/M.1183315218.A.7ED.html","直飛

    Finnair
    
http://www.finnair.com/finnaircom/wps/portal/finnair/jump?locale=en_INT

    Prague -> Helsinki 一天 2 or 3 班
    Prague -> Tampere 必須在 Helsinki 轉機


    Czech Airlines
    
http://www.csa.cz/en/czechia/cz_home.htm

    Prague -> Helsinki 一天 2 班

--

◆ From: 81.30.249.91","http://www.finnair.com/finnaircom/wps/portal/finnair/jump?locale=en_INT|http://www.csa.cz/en/czechia/cz_home.htm"
"【  行程規劃與交通  】","◇ [心得] 實用篇，捷克交通查詢網站IDOS","https://www.ptt.cc/man/EuropeTravel/D14F/M.1298768783.A.FF9.html","網誌圖文版:

http://www.wretch.cc/blog/lilliankiki/21493340



捷克其實是個自助旅行很EASY的國家，尤其是他們的巴士系統更是一個讚！
不僅查詢網站(IDOS)的資訊整合得很好，資料正確，而且巴士發車及到達時間都很準時。

搞定了機票住宿後，捷克境內點到點的移動不管是巴士或是火車，都可以在IDOS這個網站
上查詢到資料。

點選首頁後別忘了先把捷克文的版面改成英文介面，
再來只要輸入出發地、目的地、日期及你想要出發或是到達的時間後，就可以簡單搜尋到
那個時段的車班。


從跑出來的頁面中，你可以得知車班詳細的出發時間、到達時間、巴士停泊月台、車班號
碼，也可以從車程所需時間及距離去選擇最快的車班，因為有的班次會停很多站，就會花
比較久的時間，同時，也可以知道該班次是哪家巴士公司。


通常我會先在網路上選好自己預估要搭乘的時段，把那幾班的資訊都印下來帶在身上，
到時候再依自己實際行程的時間，去選擇要做哪一班車。

如果是已經很確定要坐哪一班巴士，點選那班巴士，就會出現該班次更詳細的資訊。


印出詳細的時刻表，可以提醒自己現在車班到哪一站了，減輕在異地旅行的不安。


除了Student Agency的車票可以先在網路上購票外，其他的巴士都是上車直接跟司機買票
的(但目前似乎都還是收克朗)，司機可以找零，若是有帶行李會另外收費，金額則要看司
機收多少。

Student Agency的車坐起來很舒適，所以我們都是以SA的車為優先選擇，
但是因為Student Agency的車很熱門，如果要搭車的時間已經確定了，
建議最好先在網路上買好票，否則到時候現場才要買票時很可能票都賣光了。

尤其是Prague到KV這一段，可能是因為會經過機場的關係，票賣得很快，
像我在出發到捷克前兩天才在網路上買捷克前三天行程的巴士票，
當時第一天KV的回程只買得到6點的票了(原先預計要買5點的票)，
到KV當天玩到下午想提早回Prague，三點時上網查看有沒有早一點的票，結果也是到晚上
的票全部都賣光光，只好依原訂計畫6點才回Prague。

SA的網路購票也很簡單，只要輸入出發地、目的地與日期，就會跑出當天的車班資訊。


可以看得到幾點的車還剩幾個位置及票價是多少，點入屬意的班次後也可以自己選擇座位
。


網路付款後，把車班資訊列印下來，搭車時出示給車掌小姐看就可以了，非常的簡單容易
啊！


--

◆ From: 61.64.141.218","http://www.wretch.cc/blog/lilliankiki/21493340"
"【  行程規劃與交通  】","◇ [心得] 義大利蜜月-交通-國鐵篇","https://www.ptt.cc/man/EuropeTravel/D14F/M.1302103039.A.E8A.html","在遊記之外，最近看到許多人對於交通方面都有疑問，雖然我們也是小咖，但在此分享我
們的心得、經驗以及覺得實用的連結。

預計總共寫三篇：國鐵篇、各地區交通經驗篇、租車篇，請大家多多指教。

--


                               


                    圖文對照、附有超連結的部落格
             
http://tzuyaya.pixnet.net/blog/post/34403875







介紹義大利國鐵之前，先說說心得<( ￣ｃ￣)ｙ－﹋：

1.
，我們搭臥鋪車誤點誤了145分鐘，後來從威尼斯去布雷西亞
(Brescia)的歐洲之星也誤點將近兩個小時！(翻桌)

2.基於第1點建議：除非是長途或是你可以把握搭得上的火車，




3.除了歐洲之星會說英文站名之外，到站時，廣播說的都是義大利文，甚至也有不會說到
站站名的列車，所以


4.網路上許多人說火車上扒手不少，雖然我們沒碰過，但大家還是小心點比較好。

5.大多數人都說，義大利國鐵的周遊券並不划算，依我們行程，算一算也是不划算，因此
沒有買。

6.含有大城市名字的站有很多，像是 Venezia Mestre與Vinezia Santa Lucia 都有「
Venezia」，但 Vinezia Santa Lucia 才是威尼斯主要的火車站唷；站名中有Rome或是
Milano的車站也有一大票，因此



---


接下來，就小小的分享一下就我們所知道的國鐵資訊，以及推薦幾個格友的說明。



義大利國鐵網站「Trenitalia( 
http://www.ferroviedellostato.it/
 )」有義大利文版
以及英文版，上面可以查詢時刻表、換車資訊，提供訂票服務(等一下會介紹)，也有不定
期更新的票價優惠等。

由於英文版有時候查不到想去的地方，因此建議用義大利文版查詢。


http://hk.myblog.yahoo.com/sharpe16law/article?mid=1746








--



我們這次坐到以下三種車(應該也是大家比較常碰到的車種)：

：就是傳說中的歐洲之星~需要劃位，每個位置都有桌子，設備俱全，有行
動餐車，有充電設備。

：通常停大站不停小站，可以純買票，座
位可劃、可不劃，依座位類型有不同的配備。

：停的站比較多，不劃位，沒有桌子，印象中也有充電設備。

如果臨櫃買票時，
，否則他有可能給你Regionali或是IC的
票，我們就遇過這種事...。


http://hk.myblog.yahoo.com/jw!DfJNOKGBGBbF.J4opajgXGmkLg--/article?mid=1727








--



1.Flessibile就是英文Flexible，Flexible是相對較昂貴的車票，因為他很「彈性」，在
開車前能無限次免費更改，如果錯過該班次，24小時內可更改一次。

2.Base，也就是標準票，只能在訂票至開車後一小時內作一次修改。

3.優惠票價(在國鐵的這個網頁通常會不定期更新)。

~(￣▽￣)~(￣▽￣)~。

「mini」是去(2010)年12月12日新推出的方案，名額以及數量有限，也可以選位子，價位
以及數量並沒有絕對，取決當個班次賣票的狀況，並會隨著乘車時間逼近而更動，是個


(取決於電腦計算；但話說義大利人真是
超隨性的啦，居然會想出這種方式)，有可能今天發現他沒有mini票了，明天又出現了；
也有可能現在看是四折，下個小時就變成七折了，能優惠多少、能否買到票可遇不可求。

--

去年10月、11月我們遇到的方案則是：meno15優惠方案(提前一周訂票，可享85折，24小
時前退票可享部分退款)、meno30優惠方案(提前 15天訂票，可享7折，24小時前退票可享
部分退款)，我們是用meno30訂臥鋪車票，打7折很划算。不過上述兩個方案今年都取消了
。
--





如果確定地點，用售票機買票相當方便快速，整體來說是在當地最推薦的購票方式。

不過如果在大城市，許多售票機旁邊都有壞人。網路上有許多例子是，有人會假裝要幫你
買票，然後偷偷靠近你「扒」走你身上的東西；或幫你買好票，拿給你的時後說你搶了他
的票；更糟糕的是，除了扒走你的錢之外，他們還會胡亂幫你買一通...所以，在購票機


我們還沒跟購票機混熟的前幾天，擔心遇到上面的慘案，所以先多花點錢用臨櫃購票，
後來才開始用購票機購票，發現購票機真是個方便的東西呢



比較新的機器通常在大站，英文版解說以及用字還滿清楚簡單的，可以買預售票以及當日
票，也可以選擇位置、查詢車站的發車資訊，但到達的時間能否查詢我有點印象模糊...。


米蘭設計留學日誌

http://kensukai.pixnet.net/blog/post/21397971

環遊世界不是夢

http://tw.myblog.yahoo.com/trvaelcat-cocolin/article?mid=501&sc=1





這種老派機器，我們當時是靠旁邊一位日本嫁到當地的太太幫忙，才順利買到票。

在此憑印象簡單講解一下這種老舊機器的購票方式：

1.先選擇語言，有義大利文、英文、印象中還有德文。輸入想要搭乘的車種。像我們當時
要搭Regionale去Orte轉車至拿波里，因此就按「Regionale」。

2.接下來會出現一堆車站名字，有一部分是這個站的旅客比較常去的地方；其他則是可以
翻頁選擇；每個站名有相對的號碼，像我們要去Orte，找到Orte之後，旁邊會有一組號碼
，看清楚後，按數字鍵輸入號碼。

3.輸入後，應該是會有出現請你確認的畫面，就按鈕確認。

4.之後就會顯示價錢，然後就是投幣嚕。

在此，要特別注意，





臨櫃購票是相當安心保險的買票方式，我們剛到義大利時，因為還摸不透售票機，所以都
是到櫃檯去買票，臨櫃的服務人員大多相當親切，英文溝通ok，且會詳盡的解說。

但這也有缺點，那就是，臨櫃的隊伍通常都排得很長。



網路購票有幾點需要注意：
1.
，否則會發生信用卡刷
不過的問題。

2.網站上有許多票價方案，基本上都是愈早訂，可訂到的優惠就愈大。

3.
，因為這張就是你
的車票，如果遇到查票，沒票的話將會有重罰；另外，像是臥舖列車在上車之前就會有人
在上車門口收票，沒有票就不准上車。

4.
，不要一個英文一個義文，這
樣查不到。
像是如果要從米蘭到佛羅倫斯，如果是英文就是：Milan→Florence；義大利文就是：
Milano→Firenze，兩者不一樣唷~






1.
否則會遭到「重罰」！(網路上不少人都有慘烈的經驗
，大家可以用google搜尋)

2.
，有時後會有更動，不小心就會搭錯車。

3.網路購票所收到的pdf檔，列印出來後不用打票，但自然有人會來驗票。


以上就是國鐵相關的訊息，以及我們覺得實用的連結，其實還是有許多不足的地方。
大家如果有問題，可以到背包客棧-義大利論壇中的國鐵討論區找答案或是詢問，那裡有
許多熱心的前輩跟背包客唷。



--

◆ From: 114.32.54.224","http://tzuyaya.pixnet.net/blog/post/34403875|http://www.ferroviedellostato.it/|http://hk.myblog.yahoo.com/sharpe16law/article?mid=1746|http://hk.myblog.yahoo.com/jw!DfJNOKGBGBbF.J4opajgXGmkLg--/article?mid=1727|http://kensukai.pixnet.net/blog/post/21397971|http://tw.myblog.yahoo.com/trvaelcat-cocolin/article?mid=501&sc=1"
"【  行程規劃與交通  】","◇ [遊記] 奧捷行自製小書","https://www.ptt.cc/man/EuropeTravel/D14F/M.1304313108.A.1F6.html","圖文網誌版
http://www.wretch.cc/blog/xerasty0102/4669515



現在出國必備的東西有護照、機票還有自製小書
自從上次的京阪神小書以後，完全的把我男朋友的胃口養大了
所以我的工作除了排行程以外多了做書
這次剛好在寒假尾巴出去，所以我有寒假可以來慢慢弄
可是我還是拖到最後一分一秒，整個還是超級趕的
這次我整個瞎忙，書裡面的圖都是重新畫的
上次我都直接偷裁以前畫網誌拉哩啦雜的圖，超會資源再利用的阿

我們這次加上飛機的兩天總共是17天
因為是早上六點就到維也納，最後回來是晚上19：25的飛機
所以我們有接近整整15天可以玩

去程是坐華航回程坐長榮
會這樣的原因是因為華航把我們回程的那班飛機取消了
所以就無條件換成長榮的了
長榮回程的時間更好，而且長榮機票比較貴，賺到～
缺點是長榮有在曼谷停留一個多小時
我穿著長袖加衛生衣在泰國的機場大飆汗，還是直飛比較舒服～

這次行程都在書裡面了，因為我們的日期有很多的限制
像是想要過完年再出去，要在開學第二個禮拜前回來
因為我男朋友要研討會所以要在一定的日子抵達Innsbruck
因為他要報帳的關係所以一定要奧地利進奧地利出
加上我們喜歡坐火車，因為我太會暈車了，吃暈車藥也沒用
所以只要可以坐火車我都會排除客運公車四輪的交通工具，即使四輪的車會比火車快
所以行程就變成這樣，有比較多天在拉車，尤其是Innsbruck到CK坐超級久
如果沒有這麼多限制，可以把行程排得更順一點

這次的最大的心得是交通工具和藥品
如果可以千萬不要在假日拉車，因為交通工具的班次超級少
尤其是一些小城鎮，例如：CK
如果真的要的話，千千萬萬要把時刻表查的非常詳細，換車的時間要配合好
不然就會瘋狂的空等車，就像我們等CK到CB的公車一樣，因為是星期日的早上
我們整個在寒風中我還大感冒空等瞎忙了兩個多小時= =
最後只好捨棄CB的景點，直接去布拉格了，整個就是瞎忙

我們大概就是都照行程走，我覺得很剛好不緊湊也不是很鬆散
不過我爸在我抵達布拉格的第一天車禍腳骨折，整個大影響我的心情
後面幾天行程走的比較緩慢，所以布拉格那裡的景點有些就沒去了

藥品是因為我第二個禮拜開始感冒
在CK的那兩天還發燒
還好我們把所有可能會用到的藥都準備好
不然我可能要昏倒在CK了
總而言之一切還是謹慎一點比較好

整個行程都在小書裡啦
這次還是一樣印A5的，放包包剛剛好，貼票根也差不多夠用
首先有這次的總行程
然後是一天一天的行程，還有那個都是一些好用的網站
加上景點的網址和門票資訊以及開放的時間
當然還有交通的資訊
我會把時刻表都查好，如果可以我會連會經過的站一起放進去，超好用的
尤其是公車的，有時候公車沒有跑馬燈說再來是哪一站
這時候至少有書可以對對看它念起來的音像是哪一站的站名
這樣就不會下錯站了，也可以確定有沒有坐對方向

有坐車、有玩樂，當然要吃飯
我是把同一個城市的餐廳查到有興趣的都放一起會多查幾間
這樣到當天就可以有很多的選擇
我們很認真的吃了很多間餐廳，到時候再來介紹（我又再說大話了）

因為還是要控制一下每天的花費，所以一定要有記帳區
我們每天晚上我負責寫記帳區，算花了多少錢，剩下多少錢
然後屁傑會算他那邊還剩下多少錢
然後看看對起來有沒一模一樣，這過程超有趣的，整個很樂在其中
最後還有放空白頁，主要是貼依些車票、票根、有的沒的

直接弄成一本真的好處很多，雖然過程一直都處在很想罵髒話
因為我拖拖拉拉最後變得好趕喔！！！！
可是真的很實用，事先把資料都找好到那邊就可以少很多驚慌和白做工走白路

這十幾天無時無刻都帶著他，超級好用的～
回來又可以直接收藏起來，超級棒的啊！！！！

我第一次看到雪就一次看到這麼多，超夠本的～
每次看到照片和書都好懷念，奧地利跟捷克真的很漂亮又好玩

註：書裡有些資訊是來自於PTT的遊記或是網路的部落格
例如：一些食物的圖片或是要怎麼找到餐廳的詳細的路程（怎麼都是吃的？!）
如果原始的主人看到不喜歡我會把它移除
謝謝前人們的分享：）









--

◆ From: 220.129.144.106","http://www.wretch.cc/blog/xerasty0102/4669515"
"【  行程規劃與交通  】","◇ [問題] 義大利國鐵票的使用","https://www.ptt.cc/man/EuropeTravel/D14F/M.1306925751.A.14A.html","義大利國鐵網站註冊會員有台灣選項　國名叫做Formosa

http://hipper-itw.blogspot.com/2010/05/taiwanrepublic-of-china.html


每趟都加訂位費10 euro

是的　是在車站劃位　沒有位子的話當然就要換班次


基本上你的行程很特別
一天直接從Roma --> Venezia
然後還有從Milano --> Roma  表示你是Roma進出的機票？
你要不要詢問你的旅行社改成羅馬進 Milan出　票價多不了多少錢(比火車便宜)
而且你行程會方便很多
　

可以查比較近的日期試試　我剛查了明天的日期　是有班次的
在Pisa轉車　22.8euro (R + IC)

--

我是在義大利的月餅臉～ (I believe 圓臉代表好命～)

　　
http://hipper-itw.blogspot.com/


--

◆ From: 151.76.160.124","https://hipper-itw.blogspot.com/2010/05/taiwanrepublic-of-china.html|https://hipper-itw.blogspot.com/"
"【  行程規劃與交通  】","◇ [請益] 關於華沙蕭邦機場","https://www.ptt.cc/man/EuropeTravel/D14F/M.1309952622.A.6E4.html","機場離市區真的很近 華沙交通費也很便宜

  我覺得並不需要特別選離機場近的旅館

  有個 Novotel 在機場附近
  
http://www.novotel.com/gb/hotel-0527-novotel-warszawa-airport/index.shtml


  市中心有 Holiday Inn 旁邊就有個購物商場 也可以考慮看看
  
http://www.holidayinn.com/hotels/us/en/warsaw/wrspl/hoteldetail


  另外聽說 Marriott 非常物超所值
  
http://www.marriott.com/hotels/hotel-rooms/wawpl-warsaw-marriott-hotel/


  記得找個 bar 喝點波蘭啤酒~ 夏天的露天啤酒座是王道





--

◆ From: 180.177.52.126","http://www.novotel.com/gb/hotel-0527-novotel-warszawa-airport/index.shtml|http://www.holidayinn.com/hotels/us/en/warsaw/wrspl/hoteldetail|http://www.marriott.com/hotels/hotel-rooms/wawpl-warsaw-marriott-hotel/"
"【  行程規劃與交通  】","◇ [問題] 有關於東歐-維也納 波蘭 捷克 交通問題","https://www.ptt.cc/man/EuropeTravel/D14F/M.1310038859.A.B96.html","最近在規畫東歐行程與路線~
單一國家的火車票目前都搞定了~
現在想買兩段 跨國火車且是睡鋪
上次發文詢問有勞熱心的版友回復得知 OBB & PKP intercity可查詢

1.維也納 to 華沙

(a) 
http://ppt.cc/xY4~

    似乎有提到 可以買到 
的火車票 但不知道該從哪裡買?
    (也不知道是不是睡鋪@@)

(b) 
http://ppt.cc/_0vs

    OBB上只看到 
的票價 (但也不知道是不是睡鋪@@)

2.克拉克 to 布拉格

(a) 
http://0rz.tw/ry78O

    PKP 提到只需要 
 但一樣從 PKP intercity不知道怎麼購買 ><~

(b) 
http://fahrplan.oebb.at/bin/query.exe/dn?ld=5&OK#focus

    搜尋之後 似乎找不到這段行程 ><~

不好意思問題很多@@
總結我的問題就是:想購買以下兩段火車票 卻不知道該怎麼購買睡鋪><

1.維也納 to 華沙   (夜間睡鋪)
2.克拉克 to 布拉格 (夜間睡鋪)

不知道各位有經驗版友可否指導我一下?謝謝 整個晚上看到霧煞煞 = =

PS:另外 想請教大家:
     
http://0rz.tw/iJaEK
 華沙 to 克拉克 原價

但是 
http://0rz.tw/ZWvEA
 華沙 to 克拉克 原價

     我是哪裡搞錯了嗎?
     學生票是到時候在櫃台購買時出示 ISIC就可以購買嗎?
     或是我可以先在網路上購買 列印出來 然後ISIC帶在身上 以備查驗?
     小弟先謝謝大家了

--

◆ From: 114.32.245.199","http://ppt.cc/xY4~|http://ppt.cc/_0vs|http://0rz.tw/ry78O|http://fahrplan.oebb.at/bin/query.exe/dn?ld=5&OK#focus|http://0rz.tw/iJaEK|http://0rz.tw/ZWvEA"
"【  行程規劃與交通  】","◇ [心得] Easyjet班機取消經驗分享","https://www.ptt.cc/man/EuropeTravel/D14F/M.1310732890.A.F68.html","無圖網誌版

http://www.wretch.cc/blog/ayz75/25351905


我們在出發前幾個月就已經訂好了從阿姆斯特丹飛往布拉格, 以及布拉格飛往巴黎的機
票. 這樣的來回只要約100歐, 非常的便宜. 在我出發前幾個禮拜, S跟S弟也搭了easyjet
從倫敦飛往羅馬(也是我幫他們訂的)一切都很順利. 阿姆斯特丹離開的班機我記得是晚
上七點多, 我們想說這樣剛好, 可以在阿姆斯特丹玩到下午 晚上在布拉格睡一天又可以
好好的玩. 我們很準時的六點左右就到機場, 過了安檢後 我們的那個terminal我發現
全部都是Easyjet班機的 (也因此過了安檢一後 一個服務人員都沒有, 因為Easyjet不劃
位的 所以反正時間到你就乖乖去gate排隊就是了)

大概七點左右的時候 我們看到螢幕顯示我們班機會延誤二十分鐘. 恩 沒關係 繼續等.
大概到了七點二十的時候 又說會延誤四十分鐘, 沒關係. 飛機延誤對於經常搭乘Air
Canada的我根本就是小case, 不值操心(除非耽誤好幾個小時). 快八點的時候 大家都擠
在terminal電視下等gate的公告(想必是打算一打出gate number就衝去排隊以便搶到
好位置). 不過八點多的時候 突然間電視上整個班機資訊消失了!

這個時候就感覺到群眾蠢蠢欲動的那種心情, 有幾個人先衝去找安檢的警衛詢問(因為沒
有任何一個服務人員在terminal) 安檢的人很緊張的不斷強調他們只是警衛 他不知道(
但是說會去問). 可是這一問就兩個小時 這期間也是大家不斷的問 警衛只是一直說外面
easyjet櫃檯的人下班了 沒人 他們還在找! 這中間有些乘客自己上網查資訊 發現機場
跟Easyjet的網站都說我們的班機取消(但是我們這邊螢幕只是空白的 沒有任何東西
也完全沒有任何廣播). 一直過了兩個小時後警衛才來跟各位說 班機確定取消 (啊咧
我們早知道啦!!!) 領大家出terminal 叫我們回到機場大廳去Easyjet櫃台.

衝去櫃台後 基本上就是兩百多個乘客圍著一個服務人員而已. 這位服務人員也很大牌,
死都不願意大聲的先跟所有人稍微解釋一下狀況. 只是不斷的說""one by one, please
line up. I am NOT shouting"". 我窩在旁邊聽她對排隊的第一位人說現在有兩個選擇,
一是他可以搭乘下一班Easyjet到布拉格有空位的班機, 可是要後天才有位置, 二是他
可以自己安排別的機票 然後Easyjet會reimburse. 但是在此我必須要抱怨一下,
reimburse的意思是指你花的錢 對方會賠償. 但是事實上我知道他的意思只是說Easyjet
會退回原價, 而不是說你自己去訂機票然後Easyjet會幫你出那個錢! (我真的覺得他
誤導超多人的). 當天晚上飯店有安排, 但是因為她堅持大家排隊 我看了一下大概要排
兩個小時以上吧, 當時都快十一點了 所以我馬上決定自己訂Etap(58歐), 然後跟著
前面的人衝去拿行李就走了.

隔天早上我有收到email, Easyjet說會100%退回機票錢, 也可以一併退回回程的票(即使
回程是到不同的城市) 所以我們也一起取消了回巴黎的票了.

後來大家也知道 我跟阿拉即時決定搭早班火車從阿姆斯特丹衝回巴黎, 再轉車直奔尼斯,
在尼斯待了兩個晚上. 雖然很短而且很貴(這樣Ams-Paris-Nice-Paris)就花了我快三百
歐吧. 但是我當下真的不想留下來在同一區玩(ㄟ 我都住過一年了 我可以不用繼續看
荷蘭跟比利時 XD)

我是覺得Easyjet沒有服務人員來廣播或是告知狀況真的有點誇張, 但是後來我朋友說
她之前搭機從巴黎到尼斯(法航)也是遇到取消但是沒有人廣播 大家自己急著找資訊的
狀況, 所以其實看來這樣的狀況也不是只有廉價航空才有. 以後會不會搭Easyjet?
其實還是會考慮啦 但是真的要有Plan B才行!

--

◆ From: 99.226.42.55","http://www.wretch.cc/blog/ayz75/25351905"
"【  行程規劃與交通  】","◇ [心得] 法國 TGV火車購票教學-輕輕鬆鬆11步驟！","https://www.ptt.cc/man/EuropeTravel/D14F/M.1312685942.A.567.html","網誌圖文版：
http://www.wretch.cc/blog/cartilage461/28327394


之前已經有告訴大家我們要去巴黎蜜月旅行,所以這一陣子很努力的在研究整個行程,
我們的假期還滿長的,有14天,所以一直猶豫要14天都在巴黎嗎？
如果要去其他城市要去哪？如何去？
結果讓我發現了另一個很美的城市 STRASBOURG 史特拉斯堡，有興趣的可以看這裡
這是一個擁有德國、法國兩種不同文化的交匯之地,
隔著萊茵河與德國相望,我被深深的吸引住!
研究了一下,發現搭乘法國國鐵只要兩個半小時即可到達!!
就這樣開啟了我的法國國鐵研究之旅~~~~

我找了很多介紹網路買票的網誌,寫的都很詳細,只是有些都是很久的版本....
雖然步驟差不多,可畢竟是要出國,凡是小心為妙~可不能出錯呢!
所以我光是研究如何買票研究了一個月XD...
先簡單講解一下
網路購票最早開放前3個月購買,早鳥票的優惠非常吸引人!!!
舉例來說:我8月1日購買11月1日的巴黎到史特拉斯堡,最便宜的票價是22€
今天是8月4日我看了一下,同時段要價63€,差了近台幣1700元.....
非常驚人!!所以有需要的人一定要當天購買ㄟ!!!
我把購票方式詳細的PO給大家參考!希望有需要的人可以分享囉^^

法國TGV購票網址

步驟1：
首頁下方先點選(英國國旗)會跳到英文版面,點選英文照

步驟2：
我沒有買來回票,去程回程分開買,時間不用選擇,後面的介面可以搜尋
出發地和目的地只要輸入前三個單字就會有符合的地點可以選擇,
巴黎戴樂高機場的站名是:
Paris Roissy Charles de Gaulle Airport (CDG 2) - TGV station (FR)

步驟3：
搜尋後會跑出一個視窗,一定要點選我圈選的地方!!!
不然點confirm的話會跑到中文介面,而且顯示出來是台幣,重點是!!!票價是比較高的!!!

步驟4：
搜尋後,會跑出當天班次、票價、行車時間
,有其他網誌談到國鐵IDTGV很像不收其他國家的信用卡,
香香有嘗試了一下,果真不能刷!所以乖乖的選擇TGV班次!

步驟5：
選擇你要購買的時間跟票價後會出現選擇座位的選項

步驟6：
我是沒有選座位!因為我發現他會自己幫我排在一起...

步驟7：
仔細確認地點、時間、金額、票數量有無正確!
沒問題就可以按確認囉!~~

步驟8：
確認之後會跳出取票方式,我選擇最快最安全的方式((列印))
其實法國國鐵的車票很漂亮,有信心的人可以選擇郵寄方式!

步驟9：
選擇取票方式後,輸入乘客的姓名和生日,姓名要和護照一樣喔!
有幾位乘客就要填寫所有人的資料~
第三步驟填寫購買人的資料跟email

步驟10：
選擇要使用的信用卡別,卡片資料

步驟11：
只要刷卡完成,就會跳出完成視窗,並且可以立刻列印車票囉!!
你也會馬上收到確認郵件,
點選郵件的To locate your booking on the website, click here .
一樣可以到列印車票的介面!

這樣簡單幾個步驟就完成偉大的購買法國國鐵車票的航路了^^
以上如有錯誤歡迎大家糾正分享喔!!

--

◆ From: 27.105.29.219","http://www.wretch.cc/blog/cartilage461/28327394"
"【  行程規劃與交通  】","◇ [心得] 柏林大眾交通","https://www.ptt.cc/man/EuropeTravel/D14F/M.1313078786.A.61E.html","網誌圖文版: 
http://kumajr.pixnet.net/blog/post/72258805



柏林的公共運輸系統都是同一家公司 BVG, 因此公車、地鐵 (U-bahn)、
郊區鐵路 (S-bahn) 的車票都是通用的。一般遊客大概比較少搭公車，
因為對路不熟可能比較容易迷路，但是如果知道自己要去的地方的站名，
其實搭公車是很容易的：
在公車的最前方都會有電子跑馬燈告訴你下一站是什麼，
就記得按鈴準備下車就是了。


在柏林搭公車，第一個要注意的是從前門上車後門下車。
如果已經有車票 (像是一日券、轉乘票等等)，就拿著給司機看；
如果沒票的人就要跟司機買票。
一般旅客可以跟 100 路及 200 路公車當好朋友，
因為他們大概會經過所有柏林的重要景點：布蘭登堡大門、國會大廈、
林登大道、柏林愛樂廳、動物園車站等等的，而且班次又多。


一般人大概還是搭捷運比較多──台灣的捷運在柏林相當於地鐵
(走在地下的，主要在市中心：U-bahn)，以及郊區鐵路 (往比較市郊的，
通常走在地面上的軌道：S-bahn)。
票價是分區而有不同的。上面那張地圖可以看到深淺顏色一共有三區：A, B,
C，就看住在哪邊要往哪裡去來買票。
票價的種類很多，有單程票、多日票、團體票、或是週末特價票等等，
可以上官方網站查詢。
要注意的是一般車上沒有查票員，
買了票上車前要在月台上找打票機打票，把票放進機器裡就
會印上時間地點等等的，然後票要收好，遇到查票員的時候拿出來。
只是光買票是不夠的喔，因為沒有打卡的票都視為是新的，可以重覆使用。
當然也是會有人心存僥倖逃票，
不過每次被抓到可能就要罰四五十 (或是更多) 歐元，
因此希望大家還是都誠實一點好。


大部分的柏林景點其實都在市中心的 A 區中。
他們彼此之間的距離說近不近說遠不遠，有時候一二站地鐵就到了，
但是若真的要走一整天下來也是非常累人.......
我在二十出頭年輕氣壯的時候就跟好友嘉倩做過這種事，
一整天把柏林景點走透透，但年紀大了以後還是輕鬆一點比較好。
上圖我在地鐵路線中標出了重要的景點位置給大家參考。
紅色標的是主要的火車站，黑色的就是景點。
大概看一下各點之間的相對位置及距離，希望對大家規劃行程有所幫助。



這次我們兩個在柏林，因為無緣的柏林熊見不到，
因此我們是輕鬆愉快地慢慢逛逛走走。我們待了二整天的行程大致如下：



第一天：

(上午) 博物館島

(下午) 柏林圍牆遺址 East Side Galley ->
查理檢查哨 -> 布蘭登堡大門 -> 猶太人紀念碑


第二天：

波茲坦廣場吃冰淇淋，躺在草地上睡午覺 -> 逛街



看起來是個不太精實的行程 :p
但是旅行兩個禮拜我們也有點累了，每天要像「二人旅行團」一樣
到處趕場看景點照相也不必，就把握回美國前最後的悠閒時光囉!!




--

◆ From: 24.209.20.55","http://kumajr.pixnet.net/blog/post/72258805"
"【  行程規劃與交通  】","◇ [遊記]有一天終將回來皮恩札Pienza, Un jour i …","https://www.ptt.cc/man/EuropeTravel/D14F/M.1313443156.A.73D.html","網誌圖文版

http://blog.xuite.net/silentsand/blog/49697226


「原來，沙漠是人心變造出來的，
因為我們願意乾枯，所以一切都流失了。」
                             ──── The English Patient

今年，我們終於有了在Pienza住宿的機會
從Siena火車站搭乘巴士來到Pienza，這個親切宜人的小鎮
皮恩札是教皇庇護二世的出生故鄉，也是托斯卡尼地區著名的山城
歷經十幾天來旅行的勞累和近日的風雨侵擾
我們早早就入眠

清晨，微風吹撫後，散步在Pienza的田野風情裡
聞到的是乳酪店濃郁綿密的薰香

Pienza羊乳酪吸飽了托斯卡尼土地上的陽光，靜靜躺在核桃葉堆中
沉甸厚實的外表下，內蕊豐潤而厚實，文字難以形容她的全部

Pienza以羊乳酪聞名(Pecorino di Pienza)。
這種獨特的羊奶酪的名字來自於皮恩扎。
皮恩扎羊乳酪被認為是科雷特-色內西地區（Crete Senesi）最好的乳酪。
馴養山羊這件事很可能在羅馬時代開始記載伊特拉斯坎人Etruscans
的生活之前就已經存在了。
皮恩扎羊乳酪是是熟奶製成的奶酪，從Sarda品種的羊奶原料而來
（或可能是appenninica品種或sopravvissana品種）。
羊群在當地開闊和草葉叢生的土地上放牧。
在Crete Senesi地區粘土土壤裡的珍稀植物的香味中成長
（艾草、波羅門參、杜松、金雀花和地榆等... ...），
在羊乳中可以感覺到她們的芬芳。

她是以小牛肉凝乳 酉每 或雄蕊野生朝鮮薊凝乳 酉每 凝固製成的，
浸泡在醋和鹽裡，然後放在溫水中。
成熟的奶酪放在非常潮濕的地下室，並定期的以核桃葉包裹，
外皮首先是先用托斯卡尼橄欖油阻絕，然後用油脂和蠟包裹。
這種圓輪狀的羊乳乳酪直徑從 5.5至8.5英寸，重約2至4.5磅。
經過約 40至60天的製作而成的新鮮乳酪，具有柔軟，略帶辛辣的風味。
依照製造時間分為fresh、medium-age和mature三種。
飽滿、持久的香味，是一種不辣的乳酪，
在口中有一種單寧味和柔軟、易碎的質感。
皮恩扎的La Bottega del Naturista是羊乳酪專賣店
皮恩扎羊乳酪與產自Montalcino的栗子蜂蜜
和Chianti到Montepulciano地區的葡萄酒，是種完美的搭配。

走累了，就休息一下
Largo Mario Luzi廣場，是眺望郊野的好地方

東南方城門Porta al Ciglio，這裡有環繞小鎮的公路
和通往Monticchiello的小徑
古樸的油燈和九重葛的橘色花苞在金黃陽光下顯得更為耀眼迷人
古色古香的店招，還有旁邊牆上繫馬的馬栓
輕風吹撫讓人流連忘返，葡萄樹下悄悄窺探井底的秘密

庇護二世廣場(Piazza Pio II）是小鎮的中心
廣場上的皮恩札主教堂Duomo di Pienza具有歐洲教室教堂的特徵
鎮上的商店販賣著各式各樣的商品，
庇護二世廣場的古井，人們在這享用早餐，閒話家常
純樸的小鎮，充滿了濃濃的田園綠意

旅人啊，守護一點原始的火花，留下一個開始的記號
體會人世間的美好時光

交通資訊
翡冷翠租車

http://www.tigercarrental.com

美國公司

http://www.thrifty.com/


西恩納租車
Hertz
Viale Sardegna店
地址： Viale Sardegna, 37 Siena, Italy
電話： 0577 45085
營業時間： Mo - Fr 0900-1230 1530-1900, Sa 0900-1230, Su close

義大利巴士

http://www.sitabus.it/wps/portal/DovePartire_Toscana


http://www.busfox.com/timetable/


Siena市區公車

http://www.sienaweb.it/territorio/trasporti/staz-cen.htm


Toscana巴士

http://www.trainspa.it/EXTRAURBANO.HTM


http://www.lfi.it/servizi_linee_lfi_si-mob.asp


sena巴士

http://www.sena.it/Orari-Autobus/51-1.html

超市資訊
Coop Unione Amiatina Pienza
Via S. Gregorio 13, Pienza

乳酪店
La Bottega del Naturista
Corso Rossellino 16, Pienza
tel. 0578-748-760
住宿資訊
Il Giardino Segreto pienza
Via Condotti 13, 53026 Pienza

http://www.nautilus-mp.com/tuscany/affitti/ilgiardinosegreto/indexing.html


[email protected]

Pienza鎮上，雙人套房，2晚共130歐，雙人小套房每晚50歐，
含早餐，有廚房，沒有網路，沒有自行車，行李寄放，
離巴士站100公尺
check in 16:00到19:30，check out 10:00


--

◆ From: 114.24.31.194","http://blog.xuite.net/silentsand/blog/49697226|http://www.tigercarrental.com|http://www.thrifty.com/|http://www.sitabus.it/wps/portal/DovePartire_Toscana|http://www.busfox.com/timetable/|http://www.sienaweb.it/territorio/trasporti/staz-cen.htm|http://www.trainspa.it/EXTRAURBANO.HTM|http://www.lfi.it/servizi_linee_lfi_si-mob.asp|http://www.sena.it/Orari-Autobus/51-1.html|http://www.nautilus-mp.com/tuscany/affitti/ilgiardinosegreto/indexing.html|/cdn-cgi/l/email-protection"
"【  行程規劃與交通  】","◇ [心得] 2011法國西班牙住宿心得","https://www.ptt.cc/man/EuropeTravel/D14F/M.1313962293.A.342.html","Dear版友
感謝大家豐富的資訊讓我們這次行程很順利
以下僅就今年七月份和八月份法國西班牙住宿心得小小分享
謝謝

法國巴黎  St. Christopher's Inns in Paris
雙人房兩張單人床公用衛浴房內有洗手台梳妝鏡(一晚一人35歐元)
含早餐床單毛巾和棉被  磁卡出入  有免費WIFI  有電梯
優點  鄰近地鐵站  附近就有超市  剛剛裝修過很乾淨新穎
早餐不錯  還可以一邊看著聖馬丁運河一邊吃早餐
有熱水瓶  所以要泡熱茶或吃泡麵都很方便
安全部分本來有點擔心  但實際住後覺得沒有啥流浪漢或怪人
缺點  雖附近有7號線地鐵但離歌劇院站還有幾站但我覺得還OK
退房當天得花錢使用地下一樓的寄物櫃放行李  很安全但不太便宜
大行李部分6小時4歐  12小時4.5歐
推薦指數  4顆星

法國巴黎  Monte Carlo Hotel
雙人房兩張單人床公用衛浴房內有洗手台梳妝鏡(一晚一人37.5歐元)
含床單毛巾和棉被  磁卡出入  有吹風機  有免費WIFI  有電梯
優點  鄰近地鐵站  走路約5~10分鐘可達歌劇院  乾淨溫馨
樓下就有5歐元可選一肉一主食的好吃熱騰騰中華料理(嘉都)
門房人超好  需要熱水都可以和他們說  退房後也可以免費寄放行李
治安不錯  轉角有家小酒館  但我觀察過幾晚都沒啥怪怪的人
缺點  硬要說的話公用衛浴數量比較少  不過其實很少需要等
推薦指數  4.5顆星

法國巴黎  ETAP HOTEL Roissy CDG Paris nord 2
雙人房一張雙人床加一個單人床上舖內含衛浴(一晚一人20歐元)
含床單毛巾和棉被  密碼出入  有免費WIFI  有電梯
優點  在機場附近  有免費接駁車  主要是搭配廉價航空時段訂的
環境很乾淨  設備也都很新  浴室還有彩色燈光很有趣
推薦指數  4顆星

法國漢斯 IBIS Reims Centre RE
雙人房一張雙人床內含衛浴(一晚一人40歐元)
含早餐床單毛巾和棉被  磁卡出入  有吹風機  有免費WIFI  有電梯
優點  在火車站附近一出車站就可看到  而且附近就有電車站
交通很方便  早餐豐盛到讓人感動  連肉類和新鮮水果都有提供
房間很乾淨  連廁所都有對外窗  空氣很流通
需要熱水都可以和門房說  他們會用煮咖啡機弄熱水
缺點  價格如果能更便宜就好了:P
推薦指數  4.5顆星

法國土爾  Ibis Tours Centre Gare
雙人房一張雙人床內含衛浴(一晚一人23.5歐元)
含床單毛巾和棉被  磁卡出入  有吹風機  有免費WIFI  有電梯
優點  在火車站附近但要走大約3~5分鐘  而且附近有i和吃的
房間很乾淨  連廁所都有對外窗  空氣很流通  價格實惠
需要熱水可以和門房說  他們會指引到一樓餐廳用咖啡機取熱水
缺點  離超市要走大概10分鐘左右那家超市很便宜所以還不賴
推薦指數  4.5顆星

法國安錫  Hotel du Nord
雙人房一張雙人床內含衛浴(一晚一人37歐元)
含床單毛巾和棉被  傳統KEY出入  有吹風機  有免費WIFI  有電梯
優點  在火車站附近而且感覺頗有名  門房爺爺人很可愛
房間很大很乾淨  還可以遠眺教堂和舊城區  連廁所都有對外窗
需要熱水可以和門房說  他們會帶我們到餐廳取熱水
缺點  離超市比較遠且附近吃的選擇比較少一些  價格有點貴
電梯很小  兩個人都帶大行李的話  可能要分批上去
推薦指數  3.5顆星

法國夏慕尼  Le Vert Hotel
旅館小木屋外觀雙人房兩張單人床內含衛浴(一晚一人31歐元)
含床單毛巾和棉被  傳統KEY出入  有免費WIFI
優點  在火車站附近(但非夏慕尼主站) 附近有湖區好漂亮
房間很大很乾淨  還有陽台可以看風景
門房小姐人超級親切  還有讓我們搭順風車去南針峰纜車站喔
退房當天也可以免費寄放行李在有鎖的行李間喔
缺點  沒有電梯所以幸好我之前有寫信說要低一點的樓層
離超市比較遠且附近吃的選擇比較少一些
離市區有免費接駁公車火車可坐(我們走過30分鐘可走到)
門房接待時間好像並非24小時  可能需要注意
推薦指數  4顆星

法國里昂  Hotel Bayard Bellecour
雙人房一張雙人床內含衛浴(一晚一人29.5歐元)
含床單毛巾和棉被  磁卡和傳統KEY出入  有吹風機  有免費WIFI
優點  在地鐵主站交通很方便  門房小姐非常親切而且很願意提供資訊
房間雖不大但是很美很乾淨  整間飯店都很有藝術氣質非常漂亮
附近吃的東西非常多  還有QUICK和麥當勞等選擇
需要熱水可以和門房說  他們會帶我們到餐廳取熱水
樓下和樓上鐵門都有用磁卡感應  感覺很重視安全
缺點  沒有電梯但是門房小姐會幫忙抬行李  很貼心
推薦指數  5顆星

西班牙巴塞隆納  Hostal Centric
雙人房兩張單人床內含衛浴(一晚一人33.5歐元)
含床單毛巾和棉被  傳統KEY出入  有免費WIFI
優點  在大學城附近  治安不錯  離主要景點交通也很方便
房間很大很乾淨  可以遠眺看風景
門房人都超好還會提醒我們很多事情
附近有好吃又便宜的吃到飽以及餐廳和很便宜實惠的超市
退房當天也可以免費寄放行李在有鎖的行李間喔
缺點  沒有電梯而且我們住在4樓等於臺灣5樓
樓梯不大而且有點陡  上樓搬時很吃力  下樓還好
推薦指數  4顆星

西班牙塞維亞Hotel Abril
雙人房兩張單人床內含衛浴(一晚一人22.5歐元)
含床單毛巾和棉被  傳統KEY出入  有免費WIFI  有電梯
優點  對面就是超市  離主要景點交通也很方便  走路就到
重點是  真得有免費的茶點可以一直取用喔
除了麵包和各種好吃的小餅乾外  還有榖片牛奶和三種果汁
連熱茶熱咖啡熱巧克力都有  小西點更是讓我們讚不絕口
房間很大很乾淨  老闆人超可愛幫我們安排在0樓好方便
而且老闆超級會指路  地圖詳細又讚  讓我們都沒有迷路到
退房當天也可以免費寄放行李在有鎖的行李間喔
缺點  到火車站的話得要坐一下公車(1.3歐元的樣子)
推薦指數  4.5顆星

西班牙哥多華Hotel Maestre
雙人房兩張單人床內含衛浴(一晚一人23.5歐元)
含早餐床單毛巾和棉被  傳統KEY出入  有免費WIFI  有電梯
優點  美到不行的一家旅館  離主要景點交通也很方便  走路就到
房間很大很乾淨  而且早餐超級豐盛又好吃  還提供蛋糕等精緻西點
缺點  到火車站的話得要坐一下公車(1.15歐元的樣子)
但是公車站就在飯店轉角所以很方便
廁所有點光線不足  不過很乾淨
推薦指數  4.5顆星

西班牙馬德里Hostal Astoria
雙人房兩張單人床內含衛浴(一晚一人24.5歐元)
含床單毛巾和棉被  特殊卡出入  有免費WIFI  有電梯
優點  內裝很美的一家旅館  近SOL地鐵站  交通方便
房間很大很乾淨  還有附兩個落地窗和陽台  採光和通風一流
門房先生小姐都很友善  能提供很多實用資訊  也很注重安全
鄰近的英國宮百貨地下的超市很方便  還有7歐元一整隻熱騰騰的烤雞
缺點  聽說附近治安不太好  不過住的那幾晚覺得還OK
推薦指數  4.5顆星

--

◆ From: 218.167.97.249",""
"【  行程規劃與交通  】","◇ [問題] 義大利國鐵定票","https://www.ptt.cc/man/EuropeTravel/D14F/M.1314389826.A.000.html","關於義大利國鐵
我在網誌上做了簡單的說明
你可以參考一下

http://blog.xuite.net/silentsand/blog/49461496


--

◆ From: 114.24.27.141","http://blog.xuite.net/silentsand/blog/49461496"
"【  行程規劃與交通  】","◇ [問題] 法國國鐵pass網路訂票","https://www.ptt.cc/man/EuropeTravel/D14F/M.1315175981.A.6DD.html","我希望板住可以將這篇M起來
因為以下講的經驗非常重要!!



如這個引用的文字所示，很多歐洲旅遊的網站或是論壇
都會告訴你


然後會提醒你要選擇法文界面
這樣訂位費才是3毆而不是其他界面的20歐




但是這種方法訂位扔有一訂機率可以成功拿到票，
所以網路上都是流傳這種說法，以下是這個方法的解析：

1. 這個訂位費3歐元，

2. 外國人(Pass只有外國人可以買)，網路上訂位費就是20歐元(不二價)
3. 如果你花3歐元訂位，該車次分配給Pass的座位量還沒有滿。
   恭喜你可以獲得有效的車票。
   (一般人就是這樣，所以查覺不出來這個訂位方法其實有問題)
4. 如果你花3歐原訂位，該車次分配給Pass的座位量

   這時你將
獲得有效車票，

5. 如果發生4.的情況，在不改變車次的情況下唯一的選擇是花現金買票，
   


第五點是我對法國國鐵最最最不爽的地方
我因為擔心沒位子使用了一等艙的Pass，最後居然是花錢買站票

網路上有人說如果擔心沒有車票，可以買一等艙Pass會比較空
我要跟大家講：

況且法國TGV Ter一等艙和二等艙差異不是非常大
除非是臥舖四人一間和六人一間才會讓人感覺到明顯的差異

最後建議大家，如果你使用Pass而且都花三歐元在網路上訂位


就算是戴高樂機場的SNCF車站會排隊排很久，
或是邊境的車站英文完全不通也要努力把車票都先換好

否則最後都要花全額的錢買票，荷包會大噴血






--

◆ From: 114.45.238.124",""
"【  行程規劃與交通  】","◇ [心得] 巴黎自助行前與心得","https://www.ptt.cc/man/EuropeTravel/D14F/M.1316817757.A.52A.html","巴黎行 枝微末結
這次跟朋友一起去巴黎玩了10天9夜
每天晚上都住在 solar hotel (69EU/night)
其中一天去聖米榭爾,一天去凡爾賽宮
其他時間都在巴黎市中心玩~~感覺還玩不夠!!
以下分享一些心得

1.書
首先推薦「人人出版社」的「巴黎」
這本旅遊書介紹的非常詳細
許多大小景點都有
而且地圖也畫的非常詳細
任何一個小街小巷都有畫進地圖裡
讓你可以輕易的找到方向，不怕迷失在外地
是一本經過在地人鑑定都覺得非常詳細的旅遊書

第二推薦的是「格林國際圖書」的「羅浮宮」與「奧塞美術館」這兩本書
平日我並不是這麼有美學素養的人
經人推薦先看完了這兩本書，雖然還沒到滾瓜爛熟
但是對某些作品、作家有了基本的了解
在欣賞的同時，內心會有更多的感觸

第三推薦的是「時報閱讀網」出的「帶一本書去巴黎」
作者我推測應該是大陸人，我猜測他應該是在文革前就移居美國
這本書一直反覆著在談著法國大革命的始末
裡面也對凡爾泰、盧梭、路易14~16、人民公社、革命三巨頭等等有諸多的描
在你漫步於協和廣場、巴士底廣場等地方的時候，別有一番風味
回程飛機的時候我還溫習了一下，感覺真的很不錯
（沒錯，我真的帶了這本書去巴黎）

2.旅館
搜尋過後很多人推薦的「solar hotel」
雖然同行的旅伴第一天晚上一躺在床上馬上就鼻塞
據說可能是因為落塵或是種種原因
若你是過敏體質的朋友，在下定這間旅館的時候得多考慮一下
不過我個人住了９晚都好好的
而且他還有免費早餐，雖然每天早上都是麵包＋飲料
但是不用自己打理一餐，而且又有人送到桌上，還是有加分！
某天半夜一點我們三個小女生帶著沒喝完的半瓶啤酒
從旅館外的路散步五個街區繞一圈回來
沿途都沒遇到奇怪的人事物，安全回到旅館
應該足夠證明這附近的治安非常良好吧！
據當地友人說，這邊算是生活機能很好的地方
超市、蔬果攤、麵包攤、咖啡店等等
所以我們討論一下，未來有機會還是會選擇這一間！

3. 治安問題
行前就看到許多人分享了扒手、搶劫、簽名、戴手環等等可怕的事情
所以這次我們也非常的小心
就連在羅浮宮地下街裡逛歐舒丹
店員剛好會說中文（口音非常台灣）
也花了20分鐘在告誡我們要小心，連她妹妹都被扒
搭地鐵的時候我們絕不坐門邊的位子
就算要站也不站門邊
逼不得已要站門邊的話也會四個人圍成一圈包包向內
（也許我們比較可疑吧XD）
不過搭地鐵的時候明顯可以感受到有人在「巡邏」車廂
尋找好下手的人
某天剛好買了點東西，也感受的到有人在覬覦你的戰利品
不過我相信只要自己提高警覺
扒手還是會找好下手的肥羊，不會硬要挑釘子碰
這次從夏佑宮到巴黎鐵塔這段路只有出地鐵的時候遇到一個賣鑰匙圈的
其它時間這段長長的路完全沒有任何在兜售的
所以怕強迫推銷的可以不用害怕了！

4. 計程車
如果你回程趕飛機有打算搭計程車的
請再前一天晚上請旅館幫你預訂
像我們是覺得差不多時間之後要請旅館櫃檯叫
就看她猛打電話然後跟我們說叫不到車(哭哭了)
最後是我們跑到大街上去攔車，花了半小時才攔到車
雖然覺得計程車滿街跑，需要的時候就是不出現呀>”<

當初從這個版得到了許多有用的資訊
整理一些資訊分享給大家
祝接下來前往的遊玩的大家能夠盡情享受

--

◆ From: 220.131.208.236",""
"【  行程規劃與交通  】","◇ [請益] 請教去過奧地利St. Wolfgang的各位","https://www.ptt.cc/man/EuropeTravel/D14F/M.1316818438.A.48D.html","St. Wolfgang Schafbergbahn站夏夫堡鐵路最早班9:10上山
9:00售票，夏夫堡火車站售票員可以免費幫你看行李，
只要跟售票人員說一聲，他們會讓你放，但不負保管之責


http://photo.xuite.net/silentsand/5131026/78.jpg


照片左邊這對男女身後的門就是免費放行李的地方
收費的寄物櫃就在買票櫃檯的右後方，
最大的只要一歐，很便宜，還可以免費上旁邊的廁所，

到了山頂請先在下車處不遠的票亭預約下山的火車票

http://photo.xuite.net/silentsand/5131026/13.jpg



如果不快點預約，下山的車票被預約完
你們就得很晚才下得了山了

之前有網友分享說
9:10這班最早的火車來回票
除了比原價29歐便宜之外，還附送在夏夫堡山頂的早餐

http://photo.xuite.net/silentsand/5131005/1.jpg



夏夫堡火車時刻表

http://www.schafbergbahn.at/media/sbbwss_tourismusfolder_2011_en.pdf



你參考看看

--","http://photo.xuite.net/silentsand/5131026/78.jpg|http://photo.xuite.net/silentsand/5131026/13.jpg|http://photo.xuite.net/silentsand/5131005/1.jpg|http://www.schafbergbahn.at/media/sbbwss_tourismusfolder_2011_en.pdf"
"【  行程規劃與交通  】","◇ [心得] 羅浮宮的參觀建議","https://www.ptt.cc/man/EuropeTravel/D14F/M.1317077147.A.3CE.html","很多人都去過羅浮宮
很多人也計畫要去羅浮宮

這是一篇心得和給想參觀羅浮宮的人一些建議
同時也拋磚引玉，希望能留下更有用的資訊給需要的人

先說一個重點：

目前的阿波羅畫廊是一片暗淡，並非傳說中的金碧輝煌。
目前受影響的展覽品是伊斯蘭相關的文物和十八世紀的工藝品




對於不是學習藝術相關的人來說，
逛整個羅浮宮大概

對於凡夫俗子來說許多作品可以一眼看過去，
一眼看去有覺得美麗的作品再多待點時間，欣賞久一點。
以這樣的參觀方式，七個小時一定可以逛完羅浮宮。唯一的限制在於
。



強烈建議購買

這可以使你不需要和許多人一起排隊買票就可以進場。
使用Paris Museum Pass會有另外一個隊伍讓你走，這個隊伍通常很短，
是排安全檢查的。
會有免費的時候，像是每個月第一個週日，但這時人很多
要格外小心隨身物品
*羅浮宮週二公休



羅浮宮的入口在地下室，大玻璃金字塔的下面
這個地下是很寬廣，同時包含紀念品專賣店和一間郵局
在進入博物館前，

整個羅浮宮的建築物是ㄈ字型(開口朝西)，三側的建築物在地下室都有出入口
北翼：黎塞留館




這三個藝術品是：蒙娜麗莎的微笑、勝利女神、米羅島的維納斯。
這三個作品彼此之間距離不遠，集中在德農館連接敘利館的角落，
(這個角落也是勝利女神的所在位置)
博物館內標示很清楚，跟著標示走很快就可以看到這三個
這三個藝術品附近人潮洶湧，萬頭鑽動，要小心扒手。



通常所謂的重點參觀就如同跟團去參觀羅浮宮所安排的行程一樣
參觀路線絕對不會踏入黎塞留館一步
所以跟團的話，通常只會看到德農館和敘利館裡面的展示品
如果自己時間不夠，也可以考慮只看德農館和敘利館就好

敘利館有很大一部分的區域展覽是埃及和古希臘文物，
這個區域並不在參觀三個鎮館之寶的路線上
如果是自己逛羅浮宮，看到三個鎮館之寶後
我認為最好的安排就是來看埃及和古希臘文物的展覽



德農館有含地下室有三層
敘利館和黎塞留館含地下室有四層

可以想見若全部逛完會爬多少樓梯

最好將黎塞留館放到德農館和敘利館之後來參觀，
三個館之中只有黎塞留館有電扶梯，這樣上下樓比較省力
逛到最後腳會很痠，這時有電扶梯上下樓比較不會有考驗意志力的感覺。

羅浮宮看起來有很多給殘障人士使用的電梯
但是這些電梯不會給一般人使用



不論何時這裡人氣都比較低，因為三個鎮館之寶通通不在這裡。
但是這邊一樓的
很值得一看
歷史課本上一定會出現的漢摩拉比法典石碑就在這裡。

黎塞留館是三個館中唯一有中庭結構的展覽館
中庭週邊展出的是法國雕塑，整個中庭滿氣派的，
其中也有幾個雕塑作品令人印象深刻

往上層走會看到文藝復興時期的""工藝品""
(非繪畫，是雕像地毯等等藝術品)
這裡還有一個拿破崙三世金碧輝煌的套房，
最上層是十五世紀到十八世紀的歐洲繪畫(主要是荷蘭的)



羅浮宮的夜景很漂亮，因為金字塔是非常有特色的攝影主題
八月的時候是晚上九點點燈，
大概九點半的時候拍攝效果最好。

--

◆ From: 114.45.245.76",""
"【  行程規劃與交通  】","◇ [建議] 歐洲(巴黎&瑞士)旅遊狂想曲","https://www.ptt.cc/man/EuropeTravel/D14F/M.1317251215.A.EF7.html","好讀無音樂版
http://www.wretch.cc/blog/yennieyu/71195


本來要去巴黎瑞士所蒐尋的相關資料
希望能夠給要去的朋友們一點幫助囉!!
以下本文

------------------------------------------------------------------
咳咳.....美國都玩不完了還要去歐洲......
不過人總是有發夢的時候
這次規劃的行程是瑞士加上巴黎14日,希望在9月能夠成行
找了好多的資料,規劃路線,最後估價.....沒錯估價.........
估價完的結果就是還是做做夢就好>""<

歐洲吃住,交通都貴
巴黎還好可是瑞士光是國鐵卷還有其他上山的纜車等票價都令人冒冷汗
想要節省點住hostel,看了看房間狀況,我只能說我本人應該會因為便秘而亡....
住一般的飯店那價位就更不用講了,anyway,我這種人基本花費就是不能降低
估價完光瑞士一個人就要2000歐以上,若再加上巴黎的花費,我看我只能脫褲回台灣了

我不得不說歐洲地圖已經放在我電腦很久
雖說沒去成但我好像已經把這些地方逛過一次一樣
為了不辜負我花在上面的時間
以下就來分享一下我的行程跟資料啦!
let's go

路線安排

9/12(一) 美國到法國巴黎(IAD-CDG)到達時間早上6點,離開巴黎,早上9點搭乘TGV到瑞士
蘇黎世,搭火車到庫爾(約下午2點),逛庫爾,搭 巴士去萊茵河峽谷,夜宿庫爾
9/13(二)庫爾搭伯尼那列車到拉提諾(Tirano),再搭火車到羅卡諾(Locarno)或貝林佐那
(bellinzona),夜宿其中之一
9/14(三)早上玩Tirano,下午搭車到Andermatt, 夜宿Andermatt

9/15(四)早上搭乘冰河列車到Zermatt,下午check in後輕行動,夜宿Zermatt

9/16(五)早上搭纜車上馬特洪峰,下午移動到日內瓦霞慕尼, 夜宿霞慕尼
9/17(六)早上搭纜車上南針鋒Aiguille du Midi,下午到伯恩,夜宿伯恩
9/18(日)早上前往Interlaken搭火車上少女峰,下午搭黃金列車到Luzern,夜宿琉森
9/19(一)早上琉森看哀傷獅子跟卡北爾喬後,搭車前往Zurich,逛Zurich市區, 下午約略1
點搭乘TGV到paris(最好在晚上6點前到)
9/20~9/25 巴黎 (隨便走行程)


交通資訊(以下資訊包含官網以及部落客分享)
怎麼購買瑞士swiss pass國鐵卷?

http://www.swisstravelsystem.ch/en/content/offer/tickets/swiss-pass/

查詢火車時刻以及路線規劃 
http://www.sbb.ch/en/home.html

怎麼購買法國SNCF方法?   
http://blog.leezhenyu.com/2011/07/sncf.html

法國國鐵網  
http://www.raileurope.com/index.html

巴黎地鐵須知  
http://www.eztravel.com.tw/package2/europe/info/parmetro.html


瑞士住宿資訊(部落客分享)

http://blog.xuite.net/dcma/memo/5007530


http://www.wretch.cc/blog/skyd19aisy/28022249


巴黎住宿資訊

http://tw.page.bid.yahoo.com/tw/auction/c61513413
 (評價很好可以找其他人住宿的
分享)

http://choyce.pixnet.net/blog/post/33038080
  (重要參考網站)

http://www.parisattitude.com/apartment.asp?numProduit=6921
  (周租公寓很棒,可以
依照所需要的大小以及區域選適合的公寓)

航空資訊
超實用廉價航空Budget Airline分享

http://www.backpackers.com.tw/forum/showthread.php?t=20088

買歐洲機票比價網 
http://www.cheapflights.com/book-flights-online/
 (點選飛機時
間後,右方有各家比價網,選擇要的按GO,可以找到不錯的票價)

圖文並茂部落客分享

瑞士

http://www.wretch.cc/blog/SEPR430
 (給它10個讚,照片拍的漂亮,行程寫得很清
楚,重點參考BLOG)

http://www.wretch.cc/blog/reminsu&category_id=420028
  (瑞士在地人,經營民宿,
還有很多其他國家的旅遊分享)

http://yuanmay.pixnet.net/blog/category/959401
  (蜜月自助分享)


巴黎

http://choyce.pixnet.net/blog/category/766657
 (一個媽媽帶兩個小孩的自助
旅行,很專業的BLOG,也給它10個贊)

http://www.wretch.cc/blog/weller45/11464981
 (分享交通食宿)

背包客棧  
http://www.backpackers.com.tw/forum/forumdisplay.php?f=7
  (重要的頁
面,有太多東西都可以再上面找到,還可以列出行程請教,非常實用的網站)


歐洲!!!!希望在我有錢有閒時再造訪吧!!!!!!


--

◆ From: 173.66.142.64","http://www.wretch.cc/blog/yennieyu/71195|http://www.swisstravelsystem.ch/en/content/offer/tickets/swiss-pass/|http://www.sbb.ch/en/home.html|http://blog.leezhenyu.com/2011/07/sncf.html|http://www.raileurope.com/index.html|http://www.eztravel.com.tw/package2/europe/info/parmetro.html|http://blog.xuite.net/dcma/memo/5007530|http://www.wretch.cc/blog/skyd19aisy/28022249|http://tw.page.bid.yahoo.com/tw/auction/c61513413|http://choyce.pixnet.net/blog/post/33038080|http://www.parisattitude.com/apartment.asp?numProduit=6921|http://www.backpackers.com.tw/forum/showthread.php?t=20088|http://www.cheapflights.com/book-flights-online/|http://www.wretch.cc/blog/SEPR430|http://www.wretch.cc/blog/reminsu&category_id=420028|http://yuanmay.pixnet.net/blog/category/959401|http://choyce.pixnet.net/blog/category/766657|http://www.wretch.cc/blog/weller45/11464981|http://www.backpackers.com.tw/forum/forumdisplay.php?f=7"
"【  行程規劃與交通  】","◇ [心得] 一次弄懂London Oyster Card和Travelcard","https://www.ptt.cc/man/EuropeTravel/D14F/M.1317428176.A.B77.html","購買步驟、用法詳見圖文網誌

http://tayuandmimi.blogspot.com/2011/09/trip-london-tube-oyster-

cardtravelcard.html
===============================================================

倫敦市區四通八達的地鐵非常方便，
感應票卡像台北悠遊卡，香港八達通，東京西瓜卡，
倫敦則稱「牡蠣卡」(Oyster Card)，
買張Oyster Card會比單買紙票划算。

如果停留期間會大量使用地鐵，
再在Oyster Card裡面加值Travelcard就行了。
Travelcard有分1 day Travelcard 、7 day Travelcard。

知名景點幾乎都在zone1，但我們民宿有zone2也有zone3，
所以買了 7 day Travelcard in zone1~3 (￡32.2) 儲值在Oyster Card裡。

倫敦的地鐵或火車都不太準時，誤點是常有的事，
跑馬燈資訊也不一定正確(天哪！！那到底要相信什麼？)，
上車就跟旁邊的人問候一下，順便確認車子的目的地吧XD。

--
環繞世界的旅行。讚揚文化的美食。享受人生的紀錄。


http://tayuandmimi.blogspot.com/


Ｗｏｒｌｄ　Ａｄｖｅｎｔｕｒｅｒ

--

◆ From: 70.187.167.226","https://tayuandmimi.blogspot.com/2011/09/trip-london-tube-oyster-|https://tayuandmimi.blogspot.com/"
"【  行程規劃與交通  】","◇ [問題] 去歐洲玩一個半月到後來會不會逛教堂看 …","https://www.ptt.cc/man/EuropeTravel/D14F/M.1317651810.A.E35.html","[其它恕刪]

   我也不是建築相關科系學生
   但有幾個教堂我覺得很有特色，很符合我的好奇心
   一個是捷克的人骨教堂，不過，我不會去第二次
   再來是巴黎聖母院，因為鐘樓怪人的故事
   還有梵帝崗、佛羅倫斯的聖母百花教堂
   巴塞隆納我沒去過，無法建議

   我今年去了柏林、華沙、和克拉克夫
   這三個地方剛好和納粹侵略史有關
   克拉克夫除了皇宮和舊城外，一定要去奧辛威茲集中營
   那裏或許沒有特別美的風景，但是陳述著人類最悲慘的歷史
   奧辛威茲大概要排一天的時間
   從克拉克夫來回車程約3小時，裏面有English tour帶著參觀約3個半小時

   旅遊書上會建議去華沙可以去近郊蕭邦出生地
   我去了，但覺得不是很值得去
   不過，我蠻喜歡華沙的舊城區的

   柏林的話，在布蘭登大門有免費（自由付小費）的walking tour可參加
   如果你英語聽力OK的話，強力建議你一定要參加
   可以讓你了解更多柏林的歷史
   那一段和納粹息息相關的歷史
   不然，你也可以買張一日券，搭100號或200號公車
   看到有趣的景點就下來走走看看
   也可以安排半天到一天去波茲坦，逛逛無憂宮及公園

   布魯塞爾除了看尿尿小童外，可以去吃有名的淡菜
   也可以搭火車去根特，根特的古城真的很漂亮，我去了教堂只為了登高塔

   阿姆斯特丹可以安排去贊斯堡看風車
   沒看到風車、運河、和大草地，怎算有去過荷蘭？
   也可以去梵谷美術館，了解梵谷創作的歷程
   就算不是學藝術的，去梵谷美術館朝拜一下也很「潮」啊
   當然，排一天去羊角村會給你不同的經驗

   布達佩斯的話，一定要去城堡山，那裏可以逛蠻久的，
   更建議你在城堡山吃個晚餐，欣賞多瑙河的夜景
   布達佩斯的溫泉館也是一個特色景點，但泡溫泉價格不斐
   也可以去布達佩斯近郊的森田德勒，看多瑙河的源頭

   在布拉格也是以皇宮區為主，查理橋的夜景又是不同的景緻
   庫倫洛夫則是一個很漂亮的小城，很值得去

   維也納可以安排一天去聽音樂會，看是歌劇、史特勞斯音樂會或莫札特音樂會
   另外，麗水宮（熊布朗）和麗景宮也很值得去看
   就算你對歷史沒興趣，不想花錢去看那些皇宮文物
   這二個地方的庭園也夠你逛很久
   麗水宮可以單獨買迷宮的門票，我覺得蠻好玩的
   此外，百水公寓也是很有特色的景點

   去巴黎當然不能錯過羅浮宮和巴黎鐵塔
   還有蒙馬特及聖心堂，奧塞博物館也很有特色
   就算沒特別景點，在巴黎街頭亂走，或坐在咖啡座看人也很好玩
   我沒去過近郊的凡爾賽宮，但是我去過二次巴黎，一次待三天，一次待5天
   還是覺得意猶未盡

   看吧，我幾乎沒提到什麼教堂，但是這幾個城市各有不同的特色可以欣賞
   我去了8次歐洲，每次都待2星期左右，才去了我提到的那些地方
   你只有45天，要去這麼多地方，絕不會行程太空的

--
    2005-2009年旅遊全記錄
    英國。愛爾蘭。吳哥窟。上海。瑞士。土耳其,荷比盧、尼泊爾、
    北海道、夏威夷、匈牙利、奧地利，當然還有台灣
   有圖有真相版： 
http://photo.xuite.net/flyfartw

   要看遊記嗎？ 
http://blog.xuite.net/flyfartw


--

◆ From: 125.233.249.153","http://photo.xuite.net/flyfartw|http://blog.xuite.net/flyfartw"
"【  行程規劃與交通  】","◇ [教學] Eurolines巴士線上購票","https://www.ptt.cc/man/EuropeTravel/D14F/M.1318220293.A.AF2.html","完整圖文版

http://blog.leezhenyu.com/2011/10/eurolines.html


*******

歐洲有不少國家之間都有公路交通服務。
主要是城市對城市的路線，大城市通常都有班次。
其中一個很大的聯盟就是Eurolines
旗下有不少交通車公司提供服務，東歐尤其重要。
當國家間的鐵路沒有相接，搭巴士就變成最經濟的選擇。
這次在東歐的旅程，多次靠巴士完成。
為了避免一些問題，加上計畫好了，所以就先在線上買票。
節省時間，也省一點錢。
在此跟大家分享線上訂票的方法！

連到購票網站的頁面
一連進去的語言是愛沙尼亞語，請從右上方選EN切換成英文。
請輸入出發跟目的地的地名，網頁有自動完成的功能。
也不要搞錯是單程還是來回、出發時間喔！之後Search即可

筆者以Riga到Tallinn為例，搜尋結果列出不少車次。
請選擇你能配合的時間還有車種。
這兩個因素都會影響最後的票價。

你可以近一步確認該班車的細節，例如會在哪裡中停、車上服務。
還有最重要的：有沒有提供折扣，例如學生票價格。
按票價旁邊Show的按鈕就會出現了。

再下一步就是輸入個人資訊，這裡是乘客資訊。
建議填寫跟護照上面一樣（雖然實際搭車時是認票不認人）
手機號碼也請填上，會有簡訊提醒你喔！
有學生折扣，這時候也請記得選一下Discount的項目。

結帳前的資訊確認，以筆者為例。
除了時間外，包含10%的學生折扣。
票價會列出歐元價格，還有對照的愛沙尼亞克郎。
按Confirm準備付款！

付款方式有很多種，主要是當地銀行付款、信用卡。
對我們而言，就是用最下面的Master還有Visa付款。
點一下那個圖示就好。

信用卡畫面出來了，實際上還可以用美國運通付款～
筆者點選美國運通

畫面提示會從美國運通扣款18.89歐元，要我輸入卡號、持卡人姓名。
這些資料的輸入方式，有網路購物過的人應該都會。

卡號那些資訊都輸入完成之後，按下一步送出結帳。

線上訂票完成，此時可以按列印車票。
建議輸入電子郵件信箱，讓系統把票的副本寄給你。

*******

Eurolines的訂票就是這麼簡單。
我覺得確定的話，先在台灣買一買就好。
省得到了歐洲有現金不夠或是信用卡不能刷的問題。
刷卡買票有交通意外險的保障。


下一篇文章會告訴大家怎麼搭車。
還有針對車上的一些設備特寫。

--

http://blog.leezhenyu.com


Technology, Study, Food, Travel

--

◆ From: 120.126.36.50","http://blog.leezhenyu.com/2011/10/eurolines.html|http://blog.leezhenyu.com"
"【  行程規劃與交通  】","◇ [心得] Eurolines搭車情形簡介","https://www.ptt.cc/man/EuropeTravel/D14F/M.1318220314.A.9C1.html","完整圖文版

http://blog.leezhenyu.com/2011/10/eurolines_09.html


*******

其實在Eurolines的網站，都有相關的車站資訊。
這些巴士站也決不會是小地方，多數都很好找。
筆者用立陶宛還有拉脫維亞這兩個地方為例。
告訴大家搭車的情況，還有車上一些設備。

立陶宛的維爾紐斯Vilnius要搭車，就在中央車站附近。
中央車站，就是他們的火車站啦！立陶宛語STOTIS
下圖是車站的樣子，注意喔！這裡是搭火車的。

面對車站，往右邊繼續走就是巴士站。

途中應該還會看到Eurolines的售票處
你要買票或是有問題，都可以進去問他們。

到其他城市的參考票價，匯率是立陶宛立特Lt
折合台幣是1立特換12元台幣。

車票，長這樣！A4一張紙。
你跟他們買或是自己線上印都一樣。

至於車輛等級，這是比較高級的LUX Express。

不過小弟那天從立陶宛到拉脫維亞，搭的是比較爛的TOKS。
車上的皮椅明顯比較爛。等等給大家看看LUX Express。

從立陶宛到拉脫維亞，中間遇到了邊境檢查。
真的有警察上來一個一個查看護照，這故事告訴我們什麼？
護照不要放在大件行李裡面，然後放在巴士的行李箱～
你會害到大家等你拿護照出來

警察很Nice，看一看我護照就放行了。
沒有之前在安道爾的遭遇。

*******

拉脫維亞的部分呢？ 巴士站在火車站旁邊而已
票上面已經有寫是哪一個月台了，找到對應的數字就好

上車前一樣事先放大行李，再提醒一次：護照不要放裡面

工作人員會給你行李標籤貼紙，貼在A4的票上

這次搭的是比較好的LUX Express，設備比較好。
車上有Wifi，不過速度不快。

為了大家上網流暢，就不要做一些吃頻寬的缺德事了。
沒電腦可以上網？車上有報紙，但是沒有英文報紙。

想要喝咖啡嘛？車上有咖啡機，也包含熱牛奶、可可之類的。
無限暢飲。喝到會尿急也有廁所。
LUX Express還有分座位等級，頭等艙後面有隔間。
除了上車給一瓶水之外，頭等艙還有「巧克力棒」。

*******

歐洲對公路交通的安全蠻重視的，由於是長途巴士。

那天就有兩個司機輪流開車（看照片，他們真的都很老了）
論安全性，應該非常OK啦！


--

http://blog.leezhenyu.com


Technology, Study, Food, Travel

--

◆ From: 120.126.36.50","http://blog.leezhenyu.com/2011/10/eurolines_09.html|http://blog.leezhenyu.com"
"【  行程規劃與交通  】","◇ [心得] 蜜月外一篇~ETIHAD 阿提哈德搭乘心得","https://www.ptt.cc/man/EuropeTravel/D14F/M.1318220499.A.96E.html","圖文超級豐富網誌版:


http://blog.xuite.net/huiivan/my/52473991


---------------------------------------------------

這次蜜月原本計畫想搭Emirate Airways阿酋航空

可以趁著轉機時間順便一遊杜拜  但是票價真的不夠親民

因緣際會訂到了 ETIHAD AIRWAYS 阿提哈德航空 (EY)

因為剛好有很迷人的促銷票價

搭乘過的感覺真的很棒  非常值得嘗試

首先簡單談一下阿提哈德航空 因為我一開始其實也不清楚

阿提哈德航空的基地(hub)是阿布達比  阿酋航空的hub是杜拜

阿布達比和杜拜是阿拉伯聯合大公國七個酋長國的成員

阿布達比和杜拜的距離約1.5~2個小時的車程

因為我們這次的行程是要到冰島 所以會搭乘阿提哈德航空到倫敦轉機

但是太晚訂了 只好飛到都柏林在想辦法訂歐洲區域線啦

回程因為想到義大利小逛一下  所以選擇由米蘭轉回亞洲



因為台灣太小啦 必須到阿提哈德航空其他亞洲點轉機 台北到亞洲轉機點搭乘華航的飛機

阿提哈德航空在亞洲的轉機點有東京 仁川  曼谷  馬尼拉  新加坡

歐洲的停點總共有12個 所以去回程的組合非常多

票的限制是阿布達比可以停留  亞洲點不能停留

最後我們的行程是:

去程: 台北-馬尼拉(轉機)-阿布達比(轉機)-都柏林

回程: 米蘭-阿布達比(停留兩天)-東京(轉機)-台北

9月中的行程 含稅票價不到30000元

還可順道一遊阿布達比與杜拜  是不是真的很棒..

我們的第一段阿提哈德航空航程是由馬尼拉到阿布達比





登機後  穿著典型阿拉伯風服裝的空姐正也忙近忙出的

經濟艙的個人電視螢幕是10.4"" 真的很大 看起來很舒服

而且電影 電視 音樂 遊戲是我搭過航空公司裡屬一屬二的豐富

電影也有部分會有中文字幕  不會讓你無聊









這裡是阿提哈德航空的商務艙  也是可以躺平的那一種

不過我們的經濟艙請往後面走





空間的感覺還滿舒適的  關上艙門後燈光的變換也是它的特色

感覺好像是在 lounge bar 一樣  淡淡的紅色燈光





飛行約一個小時後空姐開始發一張文件

一開始以為是這麼快就發入境卡了 結果拿到後看了一下居然是好幾年沒看過的MENU

上面清楚的從Starter 到 Beverages  真是太感人了..





送餐時間到了  首先是飲料和Snack   飲料用透明紅色的杯子真是很特別

搭配淡淡紅色的機艙燈光  真是太.. 享受的氛圍了吧



再來是主餐啦  份量方面還滿足夠的

口感的部分當然看每個人啦   不過我們覺得很滿不錯的.



約半個小時後開始收餐盤了 另外就開始咖啡或茶的時間

不過在上咖啡或茶的時候會在另外附上一份甜點

是不是感覺還不賴呀..






最後就是發放好久沒看過的過夜包啦

裡面有襪子 演照 牙刷 牙膏 還有耳塞  真是應有盡有

這樣的票價真的還能要求甚麼呢..




再一個半小時就到目的地了 開始簡餐的部分

選擇有泡麵或者是三明治  真的是太飽了啦..





我們選擇在回程的時候停留阿布達比

值得一提的是阿提哈德航空還有另一個貼心的地方

針對經濟艙的旅客 憑登機證提供免費的巴士接駁服務  免費送你到杜拜

巴士路線共有三條:

1. 阿布達比機場-杜拜 (阿提哈德航空 Office, 位於Financial Center地鐵站) (一天約7~8班)

2. 阿布達比機場-杜拜 Marina Mall (一天約7~8班)

3, 阿布達比機場-Al AIN(一天約3~4班)

只要出示 Boarding Pass   往返阿布達比到杜拜都是免費的  單程約1個半小時

這個服務讓我們省了到市區坐車換車往返杜拜的時間與金錢  真是太感人了..

還有另一個關於簽證的部分

一般台灣旅行社代辦價格其貴無比  約5000~6000左右

搭乘阿提哈德航空就可以直接在網路上辦理  以paypal付款  約2000左右

將所需的資料Scan 直接上傳就可以了  非常的方便及快速

我們送出申請到收到簽證只有3天  效率真是太快了

總的來說  我們對阿提哈德航空的評價滿高

在加上它現在的票價  真的令人滿意

再透露一個小秘訣  我們當然還考慮到里程累積的部分

最後我們決定把它累積到ANA 全日空里程 可以累計70%的里程

簡單的說  我們這次一個人可以累積的里程是11000 miles

我們夫妻倆加入 ANA Family Club 里程共同計算  總共有22000 miles

又剛好可以換到一張ANA東京來回機票 (20000 miles)

真的很令人心動吧  有機會可以試試阿提哈德航空喔..^^



--

◆ From: 111.240.183.8


--

◆ From: 111.240.183.8","http://blog.xuite.net/huiivan/my/52473991"
"【  行程規劃與交通  】","◇ [問題] 布拉格到克拉克夫交通問題","https://www.ptt.cc/man/EuropeTravel/D14F/M.1318633990.A.D89.html","各位版友大家好

不知道有去過的人是怎麼從布拉格到克拉科夫krakow的呢?

試著用波蘭國鐵 但它都沒有給報價

搜尋了一下 好像前面有文章提到波蘭火車票可以直接現場買 而且票價不會浮動...

東歐都是這樣嗎? 想問能不能在布拉格火車站直接買

然後有找到巴士的資訊 請問有人有用過
http://www.voyager.pl
 這個網站訂票嗎?

因為網站沒有寫得很清楚 退票或換票之類的資訊也沒看到 不太敢訂

能不能請有經驗的人分享一下呢? 好像巴士也可以現場買票...

P.S.因為只有早上五點的車可以選 想問問這時候布拉格有巴士跟地鐵了嗎?

謝謝:) 祝大家都有個美好的旅程^^


--

◆ From: 193.49.123.21","http://www.voyager.pl"
"【  行程規劃與交通  】","◇ [情報] 西伯利亞鐵路分段票價","https://www.ptt.cc/man/EuropeTravel/D14F/M.1318858687.A.052.html","有附一張西伯利亞鐵路地圖的網誌版：

http://trilvie.pixnet.net/blog/post/29899101



有網友問我搭西伯利亞鐵路花了多少錢，我一時回答不清楚，
於是查了查記帳本，把票價詳列在下面文章中。

值得注意的是，俄國鐵路票價浮動差異很大，隨車廂等級與出發時間可以從幾百到幾千，
基本上，如果你願意吃苦，例如搭破爛車廂在凌晨出發，交通費都是相當便宜的；
不吃苦也可以買到便宜票，但就要早點訂，選擇比較多。


------------------------------------------------------------------------------






北京－二連浩特　　　　　臥鋪巴士　　　180人民幣　 傍晚發清晨至
二連浩特－扎門烏德　　　中巴士　　　　40+5人民幣　5元為中蒙國境過路費




扎門烏德－賽音山達　　　火車三等車廂　4500蒙圖　　當時約1元台幣=43蒙圖
賽音山達－烏蘭巴托　　　火車三等車廂　14200蒙圖　 三等車廂是開放式臥鋪
烏蘭巴托－伊爾庫茨克　　火車二等車廂　83950蒙圖　 二等車廂是一包廂四床
伊爾庫茨克－葉卡捷琳堡　火車三等車廂　90.5英鎊　　出發前用英國網站訂的
葉卡捷琳堡－弗拉基米爾　火車三等車廂　2649盧布　　當時約1元台幣=1盧布
弗拉基米爾－莫斯科　　　大巴士　　　　300盧布　 　臨時買不到火車票……


莫斯科－聖彼得堡  火車四等車廂　702盧布　　 太晚訂了，好車好時要幾千塊，
                                                  於是最後搭硬座在凌晨出發……



約11412台幣(含聖彼得堡)


如果從中國國旅買北京－莫斯科六天五夜單程票，現在散客最低價格為4049人民幣

--






http://trilvie.pixnet.net/blog/post/26972321


--

◆ From: 114.24.106.46","http://trilvie.pixnet.net/blog/post/29899101|http://trilvie.pixnet.net/blog/post/26972321"
"【  行程規劃與交通  】","◇ [遊記]搭火車遊歐洲，euro pass全攻略！","https://www.ptt.cc/man/EuropeTravel/D14F/M.1318939059.A.824.html","http://reiko0403.pixnet.net/blog/post/81406329

有圖好讀網誌版（無音樂）

在這裡潛伏已久，決定將這些遊記PO上來分享:)
說是全攻略其實也只是一些歐鐵使用的小心得！
靠他我們才能在歐洲四處趴趴走！！
請各位笑納:D


----------------------------------------

捷克>>>德國>>>義大利>>>法國

>>>台北

用google畫出來差不多是這樣，六星期，旅行正式結束。

我就帶著期待又感傷的心，回到台灣，我可愛又濕熱的台灣。

40天，好像不短也不長，我們也真的是很努力、很用力的走了很多地方。

總共走了2568公里，現在回想起來真是不可思議，感謝我的爸媽，我們才可以在這裡莽莽撞撞。




幾千張的美麗照片，

厚到蓋不起來的、貼滿票根和廣告的日記，

翻到破破爛爛、又充滿筆跡的地圖，

全部都是我最甜美的回憶。

寫了那麼多篇的屁話，我應該要認真寫篇可以回饋鄉親父老的文章才對（就像我的愛吃摯友朱玉頎一樣）

這次，我們跨越了四個歐洲大國，捷克、德國、義大利、法國，

聽起來很了不起，不過全靠一張euro pass！

也就是歐鐵火車通行證。




這就是幫助我們橫跨幾個國家的，euro pass

飛達旅遊，他們算是台灣專門訂購國外火車票（日本也有喔）的旅行社。


http://www.gobytrain.com.tw/index.html


連帶著歐鐵票，裡面也會有非常詳細的中文說明書，加上地圖、時刻表，可以詳細的規劃想要搭的路段。

網站裡面也有超詳盡Q&A

使用期限為兩個月，任選七天搭乘。填妥出發日期和護照號碼後，先到第一個國家的車站去蓋章（右邊的框框）

接著，你幾號要搭車，就在下方一格一格填好日期，就ＯＫ囉！

上車的時候，車掌會幫你檢查驗票。千萬不要寫錯，然後也不可以竄改日期，歐洲人可是不會放過你的！

當初購買的價格是12500元，可以使用6+1天，4+1個國家。

為甚麼會有+1呢？我們很幸運的搶到有額外贈送的促銷期啦！

那，為甚麼去四個國家，票上面卻是五個呢？

因為依照歐鐵的路線，只要有＂經過＂的國家也要算在內，

途中有經過奧地利，所以也要算在裡面喲。

規劃好路線，訂好票，你就可以坐上火車走透透囉！




（焦頭爛額的紀錄，畢業前夕，上共同科都在研究這個）

但是！！！

這個通行證並沒有包含座位，你上的了車，卻不一定有位置。也就是說，需要另外劃位。

飛達的小姐們都很有耐心，我們都是以e-mail溝通，但他們說，有些路段建議我們“提前劃位“。

像是，從慕尼黑到威尼斯，將近七個小時的車程，建議先劃位。

還有，法國境內的高鐵TGV，也“強制“提前劃位。

這時候問題就來了，飛達有提供劃位的服務，可是不便宜，畢竟他們是從台灣幫你訂國外的座位，開票＋劃位費就要15歐元起跳。

所以，除了德國～義大利，還有法國高鐵以外，其他.....我們都自己訂！

聽起來亂緊張一把的吧！！！！！！！！！！！！

在國外劃位，其實不會很難，說得一口遲鈍英文的我們，一路也都很順暢的玩下去




（嚴謹德國人的劃位單，清楚又明瞭，劃位費四個人攤18歐元，不貴不貴！）

基本上，當我們抵達A地車站時，就會先去劃往B地的車位。

只要拿euro pass給站務人員看就沒問題囉！

我們一開始可是連劃位的英文都不會說 只要跟他說：We want to choose our seat. 然後亮出你的通行證，他們就知道你是要劃位的啦！

老天爺爺保佑，整趟旅行下來算是很順利，

雖然，劃位費從5~10歐元不等，整體下來還是會花不少錢

但可比在飛達劃位便宜多了喲！！！推薦大家，做好功課再去劃位，絕對可以省下不少荷包！

出發前，做多少準備，旅行完一定可以比別人得到更多收穫。

不同國家，民情當然不同，我們在紐倫堡劃往慕尼黑的火車，

親切的德國先生問好我們要搭的日期，超級火速（真的非常快）印出一張時刻表，圈出我們可以搭的時間，再讓我們選擇車次！

整個流程順暢無比，也不怕出錯，白紙黑字一目瞭然！

五分鐘之內就把位子劃好，讓我們安心的繼續玩。

不過，可不是每個國家都這麼有效率，

威尼斯的站務人員就非常有點隨便，排隊排很久，問個時間也要問老半天，最後還是手寫時間給我們看。

等到我們選好車次，他卻說：阿，你們這段不用劃位喔，哈哈哈哈。

哈屁早說阿害我們排隊排超久的阿！！！！

德國郊區的小房子。

前往國王湖，快要抵達阿爾卑斯山的火車上。

法國蔚藍海岸。




不過，我還是非常喜歡搭火車，尤其是當你沿途經過許多美景的時候。

幸運的話，你還可以認識一下你身邊的乘客。

這樣的交通方式，讓自助旅行又變得更加迷人。

如果有機會再以這樣的方式，我還是會選擇搭火車。

最好是26歲以前再去一次！！！

因為26歲以後就不能買青年票了，會強制你購買比較昂貴的車廂喔！

這篇應該算是我最正經的文章吧（真的有嗎）

下一篇，歐洲便宜訂房全攻略！敬請期待！

延伸閱讀：豬的歐洲行前規劃

--
你好我是壘摳

http://reiko0403.pixnet.net/blog


--

◆ From: 118.166.166.85","http://reiko0403.pixnet.net/blog/post/81406329|http://www.gobytrain.com.tw/index.html|http://reiko0403.pixnet.net/blog"
"【  行程規劃與交通  】","◇ [心得] 住宿篇。Roma b&b Orti di Trastevere","https://www.ptt.cc/man/EuropeTravel/D14F/M.1319358399.A.338.html","網誌無音樂好讀版：
http://yuhsiao.pixnet.net/blog/post/29911193


忘了從哪裡找到了這個網站


http://www.bbtrastevere.com/


本來是想預約名為「Papavero」，6月初寫信去預約9月下旬的訂房時，已經被預約了！


網站管理者回信給我，提供給我另一個選擇「Colosseo」，

不在網站的選單項目中，且當時還沒有語系可以選擇。


http://www.bbtrastevere.com/camere-e-prezzi/altre-sistemazioni/colosseo


靠近羅馬競技場，獨立公寓沒有廚房、有電梯，距離車站搭公車約10分鐘，距離公車站牌
很近很方便，

我覺得有電梯真的很重要，後來隨著行李越來越重、越來越重，又住了幾間沒有電梯的，
真的異常痛苦，

因為第一次去歐洲，因此訂房時沒有特別注意，畢竟日本都有電梯阿！


每晚約100歐含早餐(周日除外)，我們連續住了3晚，

實際租金因入住季節時間都會變更，建議可寫信聯繫討論。

其實中間有個插曲，我到了旅行前的一周突然發現我羅馬少預約了一天，寫信去後面也有
人預約，

但不知道為何，後來就說我可以多住一天，問題解決了！

我在旅行前就很期待這間羅馬的公寓，幸好還是讓我住到了！


Colosseo 地點很方便，

從500人廣場的公車站搭乘 Line 714，到第六站 - L.GO AMBA ARADAM下車，

往前斑馬線右轉，第一個巷子口就是So So Bar，

也是這間公寓所附的早餐好去處，另闢文章介紹囉！


預約好後，網站管理者有將房東的聯絡資訊提供給我，好讓我聯繫房東開門。

抵達前，

我們當時從雅典起飛的飛機因雅典罷工延誤了5小時，

抵達Terminal Station時，我趕緊找了公共電話先聯繫房東，

但因房東Raffaella手機當天有點問題，

我後來改聯繫我當初預約時的網站管理者，請求協助，

也非常順利地在我們搭乘公車抵達公寓時，Raffaella也剛好抵達公寓門口，

Raffaella的家人，包括父母與兄/弟也住在這棟公寓中。

公寓位在一個充滿味道的街角，

對面就是公車站牌，站牌位在一個三角公園旁邊，有空也可以去那邊坐著發呆也開心。

房東Raffaella與他的狗，中型犬、膽子小，會汪汪叫的可愛小狗，

Raffaella是很熱情的羅馬人，義大利人的英文發音跟我們有點不太一樣，但基本上溝通
無礙。

整棟公寓非常的古典，位置與周遭的氛圍等，都是我這次旅行中非常喜愛的。

大家應該都有聽說歐洲很多電梯要自己開門進去，

這棟公寓的也不例外，而且他的電梯也是相當古典有味道，

外面的門已經被打開，裡面還有一扇木門。

進電梯前，木頭的顏色、手把的設計，整體的用料，都是那麼古典。

進電梯後，門關起來，整個就好像在電影場景。

公寓位在義大利的2F，也就是台灣的3F，

進門後有一個小玄關，我們將行李箱放置在這邊蠻剛好的。

從玄關到房間有一個小走道，走道右邊是一整個衣櫥，蠻大的，

衣櫥整面都是鏡子，每天要出們整理服裝儀容很方便！

房間很溫馨，床上方的羅馬古地圖 Ming一直很想要，可惜不知道要去哪買?!

我打算來寫信給Raffaella問問看

靠窗的地方，有一個可以收起來的書桌，

我馬上把他打起來放上我的macbook pro，非常方便。

比較可惜的是，我們入住的期間WiFi壞掉了！

所以我們都是去Raffaella提供早餐的So So bar使用免費的無線網路。

房間內還有一個小餐桌，有裝飾用的假花，雖說是假的，但還蠻可愛的！

最棒的是衛浴設備很齊全，是旅行中最大的浴室了！

義大利人除了馬桶外，都還具備一個天冷只洗下半身的裝置，

房間內也都有葉片式的固定暖氣。

這個公寓有浴缸喔~超棒的!

浴缸材質跟台灣的也有點不一樣，感覺好像有毛細孔，比較粉質的感覺，不像台灣浴缸是
很滑溜的。

走了一天的路，畢竟羅馬可以看的東西實在太多，要好好去走走，回到家有熱騰騰的浴缸
可以泡可以洗去一整天的疲勞，真的是很舒服！

這樣隔天又可以活力充沛繼續挑戰雙腳走遍羅馬！

也有乾濕分離的淋浴間。

雖然每晚要價100 euros，

但我下次去還是會想要住在這個地點，

有著濃濃羅馬味道的公寓。

--

◆ From: 175.98.113.114","http://yuhsiao.pixnet.net/blog/post/29911193|http://www.bbtrastevere.com/|http://www.bbtrastevere.com/camere-e-prezzi/altre-sistemazioni/colosseo"
"【  行程規劃與交通  】","◇ [遊記] 【義大利】逛coop生鮮超市","https://www.ptt.cc/man/EuropeTravel/D14F/M.1319770147.A.CAE.html","圖文完整版請至→ 
http://www.wretch.cc/blog/jane630306/16295066


記得去瑞士玩時也常看到coop連鎖超市，在義大利的coop超市，推車要投幣進去才能把車
推出來，而每家費用都不同，這一家要2歐元(約台幣100元)，重點是…我們要去還車的時
候，發現車子壞了，2歐元要不回來(哭)

這一間超市很大，還有一間速食點心坊，pizza看起來好好吃，要不是晚上還要吃大餐，
真想買一塊來吃

室友們去採買晚上要煮的食物，我卻跑到巧克力、咖啡區，這個Baci是網路上很多人介紹
的義大利平價巧克力，但我覺得太甜了，並不覺得很好吃

到義大利怎麼可以不買咖啡呢？買了三罐illy咖啡給辦公室同仁，一般而言我平常不喝咖
啡(到咖啡店除外)，因為同事泡咖啡時我也沒有喝，所以也不知道好不好喝

這個超市也有很大的熟食區，如果我們不是要在莊園自己動手煮，這裏的熟食區
也可以有很多選擇

當地的蔬果，可以盡情採購，美味又實惠

這是領隊買的讓我們這幾天在莊園的早餐食材，一般很少有團體會入住莊園，都是家庭入
住，所以早餐要自備，所以有三天的早餐DIY是超市的味道

到歐洲超市我一定會買的花茶和餅乾

這是第二次到超市買的花茶和餅乾，其中有一盒是茴香的花茶，不合口味，拿到辦公室請
同事喝，大家的接受度也不高，算是在義大利逛超市買到的地雷花茶

在國外旅行時，我很喜歡逛超市，因為超市洋溢著當地的『風土民情』，而且經濟實惠，
有時還有意外的驚喜

--

◆ From: 218.164.121.72","http://www.wretch.cc/blog/jane630306/16295066"
"【  行程規劃與交通  】","◇ [心得] Bratislava - Vienna交通","https://www.ptt.cc/man/EuropeTravel/D14F/M.1319770205.A.518.html","提供一下最近來回 維也納-Bratislava 的交通方式

1. 搭船

去程我搭船去斯洛伐克登船地點是 U-bahn Schwedenplatz一出來靠近河邊有個紅色大大
的招牌Wien-Bratislava長的像船的入口進去買票就可以到樓下準備等船。

票價28-32歐(入口買票，可刷卡)，全程70公里，時間約75分。夏季航班一天五班(去程)

http://www.twincityliner.com/


2. 搭巴士
回程因天色晚了，從河邊上岸離火車站似乎還有好一段距離。
我搭乘Blaguss slovakia巴士返回維也納，搭乘地點是在跨越多瑙河橋下的巴士站
(Novy Most)，經過維也納機場抵達維也納U-Bahn Erbergerstrasse車站 時間約一小時。
票價為6.6歐 (車上可買票)

每天去程10班，時刻表請參考

http://www.blaguss.sk/media/PDF/bratislava_vieden_blaguss.pdf


報告完畢

--

◆ From: 123.192.248.39","http://www.twincityliner.com/|http://www.blaguss.sk/media/PDF/bratislava_vieden_blaguss.pdf"
"【  行程規劃與交通  】","◇ [心得] 退稅經驗分享","https://www.ptt.cc/man/EuropeTravel/D14F/M.1320837371.A.F98.html","今年六月去巴黎定點四天
退稅單共兩份
一份可退23 一份可退78 前面是普通專賣店 後者是春天百貨
但第四天回台時差點搭不上飛機
到最後一刻才拿到登機證 經理說來不及退了
只好忍痛割愛XD
但信封收據都有留好

今年八月跟家人去義國九日遊（可樂憑良心說辦得很棒！）
把兩份單子帶著想碰運氣
因為不斷爬文過 似乎沒有這次沒退到下次再退也ok的經驗
也可能是我眼睛太大顆 因為後來達文西機場退稅時我才發現我超沒sense

怎麼說呢？
第一 我在米蘭某店購買一個包 好巧我護照不在身上 我直接給他印象中的號碼
結果錯了！當下緊張得吃不下飯
結果後來發現用墨水筆立可白改改就好
海關還是會收
此為沒sense之一

第二
第九天我們前往退稅
我給海關在法國兩張 義國兩張單
其實又有點緊張因為我只帶了法國買的部份物品
還好他人很好沒多問就繃繃地全部蓋章
但算盤打得太高興= =
入關後跟男友說沒關係我們分頭走 我去退稅你去貴賓室
結果只有退到義國部分的現金
法國的不能退現金 只能在粉紅單上寫信用卡帳號 不用簽名
據導遊後來說最好再寫個信用卡到期日
但我那時很慌 沒先問他 我們團員很多 又有其他國的也在排
當下實在有種：果然註定退不到就是退不到 的fu

由於我沒有信用卡  只好坐電車去找我男友請他來唱號
然後我們又在航廈內迷路一陣子
他的電車是one way
若離開immigration以及免稅名產名品區（退稅櫃台的所在）
搭了電車到另一航廈後 不能搭原班車回去
要搭另一輛車回原航廈並再過一次安檢

總之 法國23的那筆 上個月收到
78塊的那筆 最近幾天收到了
真是謝天謝地

結論：1 退稅單不限當程退 但聽說限三個月之內蓋章寄出
      2 法義旅遊 義國出 法國只能退信用卡（這我知道是我蠢= =）

希望能給這次沒退到下次想再退的人參考！（前提是要本人近期內還有再去）

--

◆ From: 61.216.83.201",""
"【  行程規劃與交通  】","◇ [心得] 歐洲退稅details(德奧捷義 經驗整理)","https://www.ptt.cc/man/EuropeTravel/D14F/M.1321056257.A.E6F.html","blog無音樂版

http://ting371.pixnet.net/blog/post/4868396


Day 10：米蘭機場Milan to Taiwan- 回台灣囉
Buongiorno!早安！ciao ciaoL　

今天要離開美麗的義大利了，可以的話真不想回台灣阿～～（吶喊）義大利的生活或許沒
像台灣這麼電子化及便利，服務人員的速度也和台灣差很大！過慣了台灣緊湊的生活步調
，一開始到義大利時反而不習慣義大利人的「慢活」，但當我學會放鬆融入這樣的慢活，
卻要回台灣了，唉唷～真是的…或許我適合這樣的生活型態，因為我個性太ㄍㄧㄥ太緊繃
了J先把機場篇看完吧吧~~


在機場排隊等著標行李貼紙的時候，團員們好緊張，因為太會買了，怕行李超重XDD領隊
昨晚很好心的幫大家寫退稅單，他說他幫忙寫單的最高紀錄是37張（還是43我不太確定）
，看我們這團這麼會買，說不定會破他七年領隊生涯的紀錄，哈～結果今天早上宣布我們
少最高紀錄一兩張，但也很會買了!!!到了機場，又有人去免稅商店shopping，生出了三
張退稅單的樣子～所以最後總結！我們團大勝！！！！

不要以為買東西就一定會有退稅單，那就太天真了！退稅單可是要在一間店消費滿155歐
，店家才會開tax refund或tax free兩種其一的退稅單給你，退稅方式還有分「退現金」
（可退金額不足12%，因需扣除手續費）和「退信用卡」（可退足額12%），個人覺得有點
複雜，可能領隊講很多次還是有人不懂，因此幫大家統整一下～


第一點，有退稅單才可退稅！

 發票或其他東西都不合退稅條件，規定就是要退稅單這東西。



l          退稅單說明：

買足155歐，店家開退稅單給你－＞填妥退稅單上資料－＞機場退稅

［備註：有的店家會懶的開退稅單給你，就會直接在價格上打折，買東西結帳時問清楚再
下手！別到時跟老闆硬凹，那裡可不比台灣，服務員是比你更硬，不吃討價還價這套］

n          退稅單基本上分兩種：

u        Tax refund

u        Tax free

店家會把這兩種標誌其一貼在店內，如果沒看到就問一下店員，注意～有的店家是無法開
退稅單給你的哦。



l          機場退稅說明：

n          手提退稅ex: Gucci, LV等名牌包，可以帶上飛機的

n          託運退稅ex:蕾莉歐等液體類，不可帶上飛機的都要算在拖運退稅



l          退錢方式選擇（歐洲各國退稅方式大概都是如此）：

方式
 說明
 退稅幣值

信用卡
 至少需五天工作天＄才會退入信用卡內，如選擇退當地幣種（ex義大利通行歐元），則
退入信用卡內金額滿購買金額之12%。
 可選歐元或台幣

現金
 當場退現金給你，因需扣除手續費，所以退稅金額不滿購買金額之12%。
 同上


我會建議以當地幣值退稅較划算，因為這樣就不會有匯率兌換和扣除手續費的步驟，實際
上你拿到的退稅金會比較多。但如果你嫌麻煩，且覺得以後用不到這種錢幣，那就換成台
幣吧，但請不要收到錢以後在那邊碎碎念，唸說＄怎麼少這麼多，給個估計值吧!?就算你
買得保守，實際拿到和退稅單上寫的金額差到一兩千台幣都是正常的哦（假設你硬要退成
台幣的話）。一個退稅概念分享給喜歡出國的人們J希望大家出國玩、買東西都能開開心
心回家。



我媽去德國還奧地利時，退稅退到信用卡，等了快要三個月＄才進戶頭，所以我媽這次去
義大利是選擇退現金的。而且因為我們只有兩張退稅單（兩個包），所以只要去排手提退
稅那邊就好，流程簡單快速。如果你買一堆保養品或液體（酒、橄欖油之類）又買名牌包
等等，就要排兩次隊伍，手提&託運。



Q:為什麼名牌包要手提退稅不放行李箱呢？這樣不是省事嗎？

A:對，是省事，但萬一行李箱出問題搞丟了，航空空司陪你的錢比你一個名牌包還少，這
樣危險又不划算。



另外，如果你名牌買超量，回台灣要小心會被海關叫去旁邊課稅。沒被檢查算是幸運，漏
網之魚；但被檢查行李不要挨挨叫，因為本來就是該檢查。拖買者自己要注意這點。




謝謝周先生糖果盒的友情贊助XDD這不是我買的~只是吃完覺得蠻好吃!!

l          去義大利一定要記得品嚐他們的冰淇淋

l          水果色彩鮮豔誘人，買些特別的水果來吃吃無妨

l          皮件不貴又有質感，喜歡皮製品或想送男生禮物的，都很好選擇

l          在義大利真覺得我自己是拉蹋鬼><都沒有好好注重自己的外貌，感覺他們隨
便用隨便有型阿，超羨慕～～反之，我真的是個懶惰鬼～（羞愧而逃），體認到這點，決
定回台灣出門一定要特別注意一下，不然就把自己包緊緊讓人認不出好了！反正可以防曬
美白XDD



下期預告：

義大利：影片－Florence罷工街頭遊行

義大利：影片－Venice威尼斯夜遊


--

◆ From: 220.131.210.56","http://ting371.pixnet.net/blog/post/4868396"
"【  行程規劃與交通  】","◇ [心得] 瑞士 St. Moritz 住宿 /民宿 BnB","https://www.ptt.cc/man/EuropeTravel/D14F/M.1321056432.A.2EB.html","好讀圖文網誌版:


http://www.wretch.cc/blog/lookhere1000/23604054



話說規劃瑞士之旅時  最頭痛的就是找住宿  因為貴桑桑的物價  要找到符合自己需求又不超出預算的住宿點是一大難事  行前花了無數的時間在找住宿 甚至改了又改 為了某間BnB改變住宿點等

接下來按行程順序來分享一下住宿點

首先是我們在St. Moritz這高貴的城市住的BnB

這是在瀏覽歐洲自助旅行討論站時偶見別的背包客提起

卻不見有人分享

這間在St. Moritz這個富豪的城市就如同女主人講的  可能算是最低價位的了

訂之時以為女主人是日本人  到了才知道是嫁給瑞士人的上海人

抵達瑞士的第一天我們玩了Maienfeld和’Chur後來到St. Moritz

因為St. Moritz海拔有 一千六百公尺

(瑞士很多城市小鎮都是散落在各各山區  卻有完善便捷的鐵路網連結 這點讓老爸欽佩不已)

從ChuraSt. Moritz這段火車之旅途經讓人目不轉睛的美麗風景





雖然飛機上睡不好  一下飛機又立刻玩了兩個地方  我卻絲毫不感到疲憊

只是很努力的想將大片觀景窗外的瑞士山區美景烙印在腦海裡

隨著火車不斷往上爬 (一個小時的車程  可以明顯感受到火車再山區彎來繞去的同時不斷在爬高  )

窗外溫度也逐漸降低 (這邊火車大片玻璃窗可以開)

這段火車之旅景色美到抵達St. Moritz時並非鬆了一口氣 而是覺得好可惜啊!!!

當時我就在心理瘋狂吶喊:  如行前預期的瑞士美景有一百分  那麼我實際見到的便是一百二十分!! 遠遠超乎我的預期啊!!!!!!!!!




順帶一提  拍起來的照片都沒有實景十分之ㄧ美啊……….如果說如童話般的建築在捷克  那麼如童話般的美景就在瑞士!!!! (握拳)







好吧 激動完之後也該進入正題  (每次提到瑞士美景就這麼激動是怎樣...)

按照當初email的指示 抵達火車站後我們去等公車處等公車

有兩號可以搭 一號是車次較頻繁 但得走一段才能到住宿點

另一號直接在住宿點對面下車 但半小時一班

(其實公車站都有時刻表 自己留一份的話 要搭就很方便)

車程約五分鐘(?)  也可以從火車站沿湖畔走  腳程半小時 很適合傍晚散步用XD

雖然說這家BnB 距離市中心有段路  但其實公車超方便  我們都降來來回回的

我們最後搭的是比較頻繁的班次 在某轉角下車

我們匆匆忙忙下車  結果下車後正在問路思考接著路怎摸走之時

驚覺我的包包不見了!!!!

背包裡面可是有我的iPhone4,  DC, 錢包 還有所有住宿資訊耶!!

簡而言之  不能遺失不能放託運行裡的最貴重物品都在裡面ㄟ

我趕緊回頭衝向公車

幸好~果然就是被老爸遺留在車上 >”<

原來司機有發現我東西忘記拿 所以很好心的等我回來拿呢!!!

真的是要感謝他啊!!! (此時他在我心中如同神一般偉大)

話說 其實就算公車跑了  在瑞士失物取回的機率還蠻高的就是了

只是中間過程會很麻煩…………




走了一小段坡路後終於看到BnB了 當然還是有問人啦



這邊是比較新的住宅區 建築不像市中心的那麼美麗有特色

可是到處都很新很乾淨

BnB後面就是山坡地

我們住二樓 Lin是打手機聯絡她才出現的

原來她和家人就住隔壁那間房子呢

她婆婆則是住我們這棟一樓  二樓整層是房客

我後來才發現我忘了拍房間了 嗚嗚

房間小而巧 很典雅 沒有衛浴但有洗手台

共用空間(同時也是用早餐地方)的客廳很大且外面有大片陽台

我覺得客廳佈置的很溫馨 我超愛的







客廳很大 另一面是醬   還有提供旅遊資訊



餐桌角落










這邊有WIFI可以用手機上網查資訊  也有冰箱可以買吃的回來放



幾站之遙有間很大間的超市Coop 不過很早關門

對於早出晚歸的我們來說  要配合它的時間不容易



早餐超豐盛 不只是桌上這些喔!
雖然老闆娘是上海人  這邊的房客多數還是歐洲人
我們住了四晚其他房客來來去去  有來自義大利 瑞士 荷蘭 德國....
只有我們是唯一的亞洲人說
不過降比較有趣啦 大家一起吃早餐時就可以聊天交換情報
這邊早餐最令我難忘的是女主人的一項絕活; 水煮蛋
保證讓對水煮蛋但沒興趣的妳豎起大拇指說讚!
女主人說訣竅是時間的掌控  要分秒不差 (她有用計時器 XD)
既不能生  也不能熟透 而是要半生不熟 水水嫩嫩的狀態
真是不可思議  超好吃搭~!!!!! 這是我和老爸這輩子吃過最美味的水煮蛋
之後的BnB的水煮蛋顯得平淡無奇 令人失望



有天早上特別熱鬧 不同國籍人士齊聚ㄧ堂(這邊有四房的樣子)
桌子被我們還有荷蘭夫婦佔據了
義大利籍的只好坐到沙發上
我們聊著聊著 就聊到大家去過哪些國家
歐洲人跨國旅行是家常便飯 所以去過的國家很多
其實他們很少去亞洲
可是那對義大利情侶居然去過日本
而且對日本讚譽有加  說是很值得去的國家
話說我都不敢跟他們推薦來台灣.....怕他們覺得這邊很亂....

荷蘭先生狠友善  頻頻找我聊天  還問我台灣的狀況
這時我才發現很難以短短幾句跟一個對台灣完全沒概念的西方人介紹台灣
比如說政治況狀(很亂 但有多亂?)  比如說治安 (和瑞士比當然是很差 但是是差到哪??)
比如說我們最引以為傲的小吃(他們不見得吞得下)和人情味 (我想外國人不會因為人情味而想到一個陌生國度旅行)
荷蘭太太一開始比較有距離感  後來發現彼此都在教書後有比較親切
原來她還當過荷航空姐呢
所以去過台北 和士林夜市
不過不虧是空姐  雖然一開始就知道我是台灣人 也沒有因為來過台灣而比較不冷淡
是過好一會而後才比較健談的


也是因為當天早上和荷蘭夫婦一起用餐
我才知道當天還有英國古董車賽


不知道是否因為難的有華人房客
女主人每天早上過來準備早餐之時都會陪我們聊天聊很久
包括她是如何認識她先生  在這邊的生活  這邊可以玩的地方等
第一晚用餐地點也是她推薦的  下一篇來介紹好了 ^^
話說  看她用著流利的德語和其他房客交談時覺得挺佩服的
當然她的英文也很流利


某天回來後看到門上有張紙條 跟我們說冰箱有要給我們的櫻桃和水果
原來是早上時他跟我們說COOP櫻桃特價 結果資訊錯誤
所以她就買來給我們吃了  真是感動呀~!


--

◆ From: 163.27.6.31","http://www.wretch.cc/blog/lookhere1000/23604054"
"【  行程規劃與交通  】","◇ [心得] 幾家歐洲廉價航空搭乘心得","https://www.ptt.cc/man/EuropeTravel/D14F/M.1321056453.A.0B1.html","原PO在歐洲待了近四個月
搭了好多次廉價航空的飛機
在這邊跟大家分享一下我搭乘的心得

1. 芬蘭 坦佩雷(Tampere) ─ 德國 法蘭克福(Frankfurt Hahn)

   RYANAIR航班 去程39歐元、回程69歐元

   坦佩雷位在赫爾辛基北邊，是芬蘭前幾大城市，從赫爾辛基坐火車約1小時多抵達，
   火車票價25歐元，學生票打五折。從坦佩雷火車站可以搭市區公車或RYANAIR客運前
   往機場。市區公車61號站牌約離車站走路十分鐘路程，RYANAIR客運在車站門口。公
   車比較便宜，但時間比較長；客運比較快，但也比較貴。接駁費用我忘記了，所以
   就不提。做客運大約二十分鐘可到達機場，公車大約四十分鐘。

   法蘭克福哈恩機場
，從機場到市區坐RYANAIR客運大約要兩小時，相當
   的遠。客運到達法蘭克福後會停在火車總站的旁邊，票價我記得是12歐元。


2. 芬蘭 坦佩雷(Tampere) ─ 拉脫維亞 里加(Riga)

   RYANAIR航班 去程49歐元、回程89歐元

   里加是拉脫維亞的首都，RYANAIR在里加停靠的就是里加機場(首都機場)，因此前往
   市區交通相當方便。機場大門走出來後就可以看到公車站，搭乘22號公車可以直接
   到達火車總站，票價我記得是0.5拉幣，約30台幣。


3. 芬蘭 赫爾辛基(Helsinki) ─ 丹麥 哥本哈根(Copenhagen)

   SAS AIRLINE 單程48英磅

   這家航空公司是斯堪地那維亞航空集團(Scandinavian Air)，在北歐旅行之間相當
   方便。前往赫爾辛基機場只要從赫爾辛基搭15分鐘的火車到Tikkurila轉61號公車即
   可到達。公車位於車站購票聽廳旁邊，相當好找，路程約30分鐘可抵達赫爾辛基萬塔
   (Vantaa)國際機場。

   停靠哥本哈根的機場為哥本哈根國際機場(首都機場)，因此交通相當方便。我是搭乘
   捷運前往市區，只要一直跟者METRO的標誌走就會到達，相當好找。


4. 丹麥 哥本哈根(Copenhagen) ─ 挪威 奧斯陸(Oslo)

   SAS AIRLINE 單程48英鎊

   奧斯陸機場到市區非常方便，可搭乘火車或是機場快線，機場內就有售票機，機場
   直通車站。搭乘火車比較便宜，但班次稍微久一些，機場快線是十分鐘一班，但價格
   貴上一倍。我個人經驗搭乘一般火車時間僅35分鐘就抵達奧斯陸火車總站


5. 挪威 奧斯陸桑德夫(Sandefjord) ─ 波蘭 華沙蕭邦機場(Warsaw)

   WIZZ AIRLINE 單程180NOK (約24EUR)

   挪威奧斯陸桑德夫機場其實
，距離奧斯陸約一個多小時的公車程。我搭乘
   的公車是Torp Ekspressen公司的公車，專門配合該機場航班的飛機開車，在網路上
   購票後再將票印下來即可。於奧斯陸搭車的地點為奧斯陸公車總站，交通相當方便。
   若要在挪威退稅者，這座小機場裡面也有退稅點，過安檢後裡面有一家便利商店，直
   接將退稅單交給櫃檯即可辦理。

   波蘭華沙蕭邦機場是華沙首都機場，前往市區可搭乘公車，公車站位於機場正門口(號
   碼我忘了)，但很好找。約三十分鐘可以抵達華沙火車總站。


6. 斯洛伐克 布拉迪斯拉發(Bratislava) ─ 比利時 沙勒羅瓦機場(Charleroi)

   RYANAIR 單程18歐元

   布拉迪斯拉發為斯洛伐克的首都，離維也納相當的近，若要從維也納搭乘RYANAIR，
   可以搭火車過來，約一小時可到斯洛伐克。到火車站後，直接走出去即可找到61號車
   的搭車處，公車票要買1小時的票比較保險，時間約30分鐘可到達機場。

   布拉迪斯拉發機場離比利時市區有段距離，門口即有前往市區火車站(非總站，但有
   地鐵)。不過售票機不收沒有PIN碼的卡，因此櫃台購票大排長龍。航程大約一個多小
   時。


7. 荷蘭 愛因荷芬(Eindhoven) ─ 英國 倫敦斯坦斯特機場(Stansted)

   RYANAIR 單程12歐元

   從荷蘭愛因荷芬公車站搭乘401號公車可抵達機場，由於這趟飛機還沒搭乘，因此詳
   細狀況我也不清楚，搭乘之後再來修改文章。

   倫敦斯坦斯機場也是主要給廉價航空使用，因此或許離市區比較遠一些。我已經線上
   訂好了快線列車，這在RYANAIR網站即可完成。


8. 英國 倫敦希斯洛國際機場(Hethrow) ─ 芬蘭 赫爾辛基萬塔國際機場(Vantaa)

   British Airway 單程78英鎊

   希斯洛是大機場，赫爾辛基機場前面介紹過，這邊就不贅述了。







RYANAIR

   RYANAIR是一家標準死愛錢的航空，網站票價均不含稅，也不含刷卡手續費(免手續費
   需要用的卡相當不普及，因此若拿台灣發的卡幾乎都要手續費)。為了省錢，它的機場
   多數都在很遠的地方，因此交通不像首都機場一樣方便。

   RYANAIR越早訂票越便宜，同一張機票我訂12歐元，我朋友比我晚一個月訂漲到歐元，
   多數情況是這樣，但如果機票賣不好，有時候反而會越接近起飛時間票價越便宜。這
   家航空要求自行網上check-in，並自行列印登機證。機場列印登機證每張40歐元/英鎊
   。

   建議要旅遊的人最好隨身攜帶免簽公報，以免搞不清楚狀況的地勤延誤了行程。飛機
   上有餐點，但需自費。我個人都有買Priority Boarding，經常坐到第一個位子，腳
   的位子很大很舒服，又可以很早下機。

   因為RYANAIR飛機調度很緊，飛機飛到機場後馬上就要飛往下一個地方，因此由時會
   發生誤點的狀況。不過我個人沒有遇過，還遇過兩次提前50分鐘抵達。


WIZZAIR

   跟RYANAIR差不多，越早訂票價越優惠。這家航空公司以飛東歐航線較多，我也有買優
   先登機。缺點是機艙組員的英文口英很重，我幾乎聽不懂。這家可以現場Check-in，
   並列印登機證，費用是10歐元。


SAS/BA

   這兩家比較不像上面兩家那樣誇張，機票費用已包含託運與現場Check-in，而且停靠
   的機場多數為首都機場，因此相當方便。但機艙內服務比較少，因為售價便宜，因此
   沒有娛樂系統，也沒有餐飲服務。但歐洲航線多為兩小時以內，所以都還可以接受。


   以上就是我在歐洲目前所搭過廉價航空的心得，沒搭過Easyjet算是可惜，因為芬蘭沒
   有這家航空公司的航點(我在芬蘭交換學生)，所以我沒有機會搭到。

--

◆ From: 91.183.62.45",""
"【  行程規劃與交通  】","◇ [心得] 廉價機票訂票心得 Eurostar早鳥優惠","https://www.ptt.cc/man/EuropeTravel/D14F/M.1321268655.A.977.html","有圖無音樂網誌:
http://virginiecat.pixnet.net/blog/post/35175223


========================自製分隔線=====================================

從去年(2010)年進公司認識一個去澳洲打工旅遊的同事，他分享自己去澳洲都坐
廉價航空；加上看943部落客的分享推薦，我整個旅遊魂被喚醒拉～～




剛好去年9月正主推吉隆坡－巴黎奧利特價的訊息，我就先跟陽慧(我的europe trip
partner)阿撒力決定，來個歐洲一個月旅行！

當然，雙子坐停不下來的個性就驅使我一直做有的沒的功課，我查閱了廉價航空的網站，
等待時刻來臨，就要下手買機票啦！！




由於小的我當時懶惰，或說好聽一點當時急著想快點定到機票，整個沒擷圖給大家參考
，就請各位聽我口述吧...




我沒有在巴黎機票開賣前就先訂好台北到吉隆坡段的機票，因為怕萬一網路塞機的話，搶
不到預定的日期就麻煩了。所以喵喵是等巴黎機票開賣點選「吉隆坡-巴黎」的選項，填
好會員資料以節省打字輸入時間，並一次訂來回含轉機共四段單程票。

直接訂「台北-巴黎」更可以防止因時差而訂到無法銜接航班的可能性，另一個好處則是
可以將行李直掛到目的地。

（事實證明這樣也可以比較快搶到票...淚）

搶票前可以先玩玩票價搜尋網站airasiaplus和airasiachart，但是在亞航這新航線推出
的超優惠活動，這2個網站無法馬上show出價錢。

定位確認
(台北-吉隆坡來回由旅伴陽惠訂，這邊就不顯示只顯示總金額)

台北-巴黎來回機票
(含稅、信用卡跨國手續費)

確定了台北巴黎的機票，接下來的行程就簡單多了阿～（菸）

我們決定走的行程如下：

台北-吉隆坡-巴黎

巴黎--亞維儂1夜--馬賽2夜--尼斯2夜--米蘭2夜--威尼斯1夜--羅馬4夜--巴塞隆納4夜--
倫敦8夜--巴黎8夜--吉隆坡3夜--台灣

我們打算法國、義大利這幾段用europass

義大利羅馬－西班牙巴塞隆納




每人總共
(含稅、信用卡跨國手續費)

西班牙巴塞隆納－倫敦Luton




可說是龍頭呀~(好像Ryan air沒有飛這段)

每人總共
(含稅、信用卡跨國手續費)

 可參考他們官網定期推出的優惠

就像許多背包客所說，在歐洲坐飛機比坐火車便宜呀～（遠目）

最期待的一段~~~EUROSTAR歐洲之星登場！！




是一條連接英國倫敦聖潘可拉斯車站（2007年11月14日後改為此站）與
法國巴黎（北站）、里爾以及比利時布魯塞爾（南站）的高速鐵路服務。

這種列車離開倫敦之後便跨越英吉利海峽進入法國，在比、法境內歐洲之星列車與法國
TGV和Thalys使用相同的軌道，

在英國境內則行走一段符合TGV標準的新軌道，這個已於2007年完工的兩階段計畫被稱為
海峽隧道連接鐵路（Channel Tunnel Rail Link）。

大約在前三個月就可以訂購
的便宜車票喔~(灑花)





1. 訂購機票時記得準備護照號碼、可以線上跨國刷卡的信用卡等相關文件，

   若有需要殺紅眼搶機票的時候最好可以預先填寫名字，省下很多時間唷～

2. 歐洲的廉價航空可能登機狀況、飛機誤點時間都比較長，所以事先買好保險並詳讀理

   賠的規則以防萬一！

   最好每段飛機都預留3小時以上的時間彈性。

3. 搶到機票後記得到信箱收信，他們會寄RESERVATION給你，要記得把裡面的規則讀清楚

   記住登機CODE 才可以順利登機～





--

--

◆ From: 61.63.101.154","http://virginiecat.pixnet.net/blog/post/35175223"
"【  行程規劃與交通  】","◇ [心得] How to Pack? 如何打包？","https://www.ptt.cc/man/EuropeTravel/D14F/M.1342966253.A.BE0.html","剛從歐洲背背包跑了兩個月回來
分享一些小心得
希望對大家有幫助

===

How to Pack? 如何打包？
網誌: 
http://awayfromtw.blogspot.tw/2012/07/how-to-pack.html


行李箱vs背包？
其實哪個好很難講，不過我建議行李不多的人盡量使用背包。因為第一，歐洲很多石板路
，拉桿行李箱很難拖。第二，就算是坐地鐵或車站，也常有沒有手扶梯或電梯的情況發生
，這時候你會恨死你的行李箱。但是要記住，背著背包時，不要用跑的！我就因此傷到膝
蓋，跛腳了一週。另外也要小心在托運時，背包內容物有可能被壓壞。

我的行李是一個不到10Kg的大背包。我旅行的季節是夏天，這樣的要求並不難達成。然而
10Kg聽起來雖然不多，要背著去逛景點或在街上肆意漫步，卻是辦不到的。

先想想，你每天一定會用到的東西是哪些？然後列一份清單。把這些東西打包好以後秤重
，如果超過10Kg，就再認真的想一下哪些東西可以不用帶，或是在當地可以買到，把這些
東西丟出去，再秤。我建議你重複這樣的循環直到你的所有行李都能夠被放進一個大背包
，並確保重量低於10Kg。

我帶的東西如下：

貼身薄腰包（可以塞進褲檔中）

- 多餘的現金
- 第二張信用卡
- 護照（預計當天不太需要用到時）

霹靂包（斜肩背在前方）

- 護照（當天常用時）
- 門票
- 車票
- 相機、電池、記憶卡
- 手機
- 筆
- 一些現金
- 護唇膏
- 地圖、導覽小冊
- 耳機（租來的語音導覽有時候有耳機孔）
- 防狼物品（我是帶哨子但沒用到）
- 便利貼
- 旅館鑰匙

布製皮夾（放口袋，縫上一條堅韌的帶子與扣環繫於腰間防扒）

- 常用的信用卡
- 現金（不超過150歐）
- 學生證
- 提款卡

零錢小包 （放口袋）

- 零錢銅板

普通背包 （可以放得進1.5升礦泉水＋厚外套一件，沒放東西的時候可以
  輕易塞進大背包）
- 厚外套（熱的時候）
- 水 （500ml或1.5L，看個人）
- 食物（隨時確保背包內有超市買來可充飢食物是省錢旅行的一大重點）
- 行動電源（台灣買的行動電源附有很多種可更換的轉接頭，超好用）
- 太陽眼鏡
- 旅遊資訊小冊或書
- 藥品（眼藥水、萬金油）
- 塑膠餐具（不要帶金屬餐具，被安檢麻煩）
- 雨傘一把（不要被風吹一下就壞，選質輕的）
- 小鏡子（不是愛美，是你永遠不知道什麼時後會有東西掉進你眼睛…）
- 筆記本

大背包（尼龍材質，沒有支架，重量應該低於400g）
＊最好撐開來尺寸小於廉價航空規定的隨身行李尺寸！

- 毛巾一條（充當浴巾）
- 小毛巾一條
- 牙膏一條
- 牙刷一隻
- 牙線一盒
- 洗面乳（歐洲超市有賣旅行用的小罐裝）
- 乳液（也是買小罐裝）
- 小罐子分裝全身用沐浴乳5罐60ml左右（用完還可以到超市買來補）
- 免洗旅行內褲（這種穿過也不用丟，洗一洗再穿。因為很薄非常快乾）
- 襪子5~6雙
- T恤 4~5件 (排汗衫更好，洗完隔天就乾了）
- Polo衫一件
- 兩件式外套Gore-tex (有內裡和外層Gore-tex那種，可以拆開超好用，
  最好是防水效果仍在）
- 針織衫長袖一件（真的有冷的時候拿出來穿）
- 長袖襯衫一件（我唯一從頭到尾沒用到的行李）
- 長褲一件（加上身上穿的，共兩件）
- 短褲一件
- 帽子（我帶Columbia防水鴨舌帽+100塊絨布帽各一頂）
- 口罩（用不到因為在歐洲你戴口罩很怪，但是坐飛機還是可以戴）
- 運動鞋一雙
- 布鞋一雙 （多帶一雙布鞋備用，防下雨，換著穿也不會那麼臭）
- 拖鞋一雙
- 充氣枕頭一個
- 眼罩
- 耳塞3副
- 泳褲（看個人有沒有需求，可帶可不帶）
- 防水文件夾（裡面裝重要的旅行文件如列印的車票或是保險證明）
- 塑膠袋2~3個（裝髒衣服、洗澡時候裝東西等等）
- 機車車墊雨套（下大雨時用來罩住背包）
- 夾鍊塑膠袋（搭機裝液體容器如牙膏、乳液）
- 曬衣繩（兩端有鉤子那種，光南有賣）
- 小別針
- 備用眼鏡一副
- 變壓器、充電線、充電器（用一個防水的袋子裝起來）
- 輕便雨衣（這我也沒用到）

選擇攜帶物品時記得確認哪些東西不能放隨身行李上飛機？刀類（刮鬍刀、指甲刀都算）
、液體類都是。我的大背包在搭乘廉價航空的時候從來沒有遇到被要求秤重的情況發生，
算是省了行李托運費。我後悔沒帶的東西是小筆電。但是加上變壓器，我至少要多帶2kg
，就蠻難壓到10kg以下…

寄物處收費是按照櫃子尺寸來算的，沒有人想要在這種地方多花錢。10Kg大小的背包，也
能夠輕易塞進各車站寄物處的最小櫃子。德國：2歐、瑞士：6瑞郎。將背包寄放於車站，
方便你做經過某點時順便進行一日或半日遊的行程。


--

◆ From: 180.177.109.49","http://awayfromtw.blogspot.tw/2012/07/how-to-pack.html"
